Rank,Country,Quality of Life Index,Purchasing Power Index,Safety Index,Health Care Index,Cost of Living Index,Property Price to Income Ratio,Traffic Commute Time Index,Pollution Index,Climate Index,Year
1,Luxembourg,200.1,133.2,66.0,77.3,71.7,10.1,25.4,22.1,82.6,2024M
2,Netherlands,200.1,106.9,73.8,78.6,67.5,6.7,23.8,21.9,86.7,2024M
3,Iceland,191.1,100.4,75.0,67.2,87.7,5.9,22.3,15.7,68.8,2024M
4,Denmark,190.6,96.9,73.4,78.4,79.2,6.7,28.6,21.9,81.8,2024M
5,Finland,188.1,93.8,73.5,77.5,68.7,8.1,26.4,11.8,56.6,2024M
6,Switzerland,185.8,110.8,75.1,73.4,117.3,11.0,30.2,21.2,79.6,2024M
7,Oman,184.8,106.2,80.4,59.0,49.6,3.2,22.3,36.7,67.2,2024M
8,Austria,183.3,85.6,72.4,76.5,68.7,10.6,23.8,21.1,76.9,2024M
9,Norway,181.8,90.7,67.5,76.6,82.2,8.2,26.5,18.0,68.7,2024M
10,Spain,177.7,83.6,64.2,77.5,49.9,7.1,26.9,36.7,93.7,2024M
11,Estonia,176.4,62.7,75.5,75.9,55.9,10.2,22.2,17.1,64.3,2024M
12,Germany,176.0,100.2,62.0,71.8,66.0,10.2,30.7,29.0,83.3,2024M
13,Japan,175.5,94.3,77.1,79.6,54.3,9.8,39.4,39.0,84.8,2024M
14,Sweden,174.8,95.3,51.9,68.5,60.9,9.1,28.9,17.9,74.9,2024M
15,United Arab Emirates,173.8,118.0,85.4,69.6,60.7,3.3,36.0,47.7,45.8,2024M
16,United States,173.0,117.7,50.8,68.2,74.2,4.2,33.3,36.5,77.8,2024M
17,New Zealand,170.9,87.3,52.9,69.7,70.7,9.9,32.8,25.7,96.4,2024M
18,Slovenia,169.3,59.6,75.8,66.4,51.6,12.1,25.3,22.3,77.6,2024M
19,Qatar,166.6,120.2,85.7,73.5,59.3,5.1,29.5,60.0,36.0,2024M
20,Portugal,166.5,49.8,69.3,72.3,46.1,11.9,27.9,28.8,97.8,2024M
21,Australia,165.7,89.3,53.3,71.4,75.4,9.9,40.7,28.2,93.9,2024M
22,United Kingdom,164.2,94.3,53.1,73.7,63.6,8.4,34.8,40.3,88.3,2024M
23,Czech Republic,162.3,67.9,73.2,75.2,52.8,14.0,29.4,35.2,78.0,2024M
24,Croatia,161.6,54.5,73.9,64.5,47.4,13.4,27.4,31.5,89.7,2024M
25,Lithuania,160.4,54.8,66.8,73.7,49.9,12.6,24.6,26.7,69.9,2024M
26,Belgium,156.4,90.7,51.1,75.2,65.8,6.4,36.0,49.7,86.0,2024M
27,Canada,156.4,90.9,55.2,69.7,68.0,9.6,34.3,29.8,53.9,2024M
28,Ireland,153.2,80.0,53.9,51.9,70.4,7.3,37.5,34.7,89.1,2024M
29,France,153.2,81.5,45.4,78.8,69.1,10.8,35.0,42.8,90.3,2024M
30,Singapore,153.2,85.9,76.9,70.9,85.9,15.7,41.7,33.0,57.5,2024M
31,Latvia,152.6,50.3,62.7,62.7,51.0,8.6,29.2,30.9,74.7,2024M
32,Saudi Arabia,150.7,98.7,75.7,61.4,50.1,2.9,29.8,63.2,41.4,2024M
33,Slovakia,148.2,51.2,68.7,59.7,47.5,13.0,27.6,37.3,78.1,2024M
34,Israel,147.2,76.3,67.8,73.6,70.0,14.7,36.6,57.0,94.0,2024M
35,Cyprus,146.5,52.6,67.4,55.3,59.2,7.2,22.8,55.5,93.3,2024M
36,Taiwan,144.9,67.8,83.9,85.9,53.3,22.1,31.5,65.0,84.1,2024M
37,Italy,140.3,63.8,52.7,65.9,61.0,9.2,33.0,54.6,90.8,2024M
38,Poland,139.6,59.9,70.8,58.9,44.7,11.8,32.0,54.6,75.9,2024M
39,South Korea,138.1,83.5,74.7,83.0,69.2,20.3,39.8,62.2,68.4,2024M
40,South Africa,136.9,78.1,24.5,63.5,34.5,3.3,39.0,56.6,96.0,2024M
41,Uruguay,136.2,40.6,48.1,68.6,61.0,11.1,36.9,42.8,98.0,2024M
42,Hungary,131.6,48.4,66.2,54.2,48.0,14.6,35.4,47.9,79.5,2024M
43,Bulgaria,131.4,49.2,62.5,56.9,40.3,8.7,29.2,63.8,82.8,2024M
44,Romania,129.9,47.5,67.2,56.4,38.4,11.1,33.4,58.9,77.2,2024M
45,Kuwait,129.7,106.9,67.4,58.1,46.1,9.3,35.1,67.9,20.2,2024M
46,Greece,128.9,41.4,53.5,57.2,53.2,11.7,33.7,51.7,93.1,2024M
47,Bosnia And Herzegovina,127.2,45.3,57.5,54.8,36.7,11.7,26.4,60.7,82.3,2024M
48,Mexico,125.0,39.9,45.9,72.6,42.4,8.6,39.2,58.5,85.5,2024M
49,Malaysia,123.4,57.8,48.4,70.0,32.3,8.9,37.0,61.5,59.2,2024M
50,Malta,121.8,51.7,60.0,52.0,59.4,11.3,28.9,75.7,97.4,2024M
51,Ecuador,119.8,35.8,39.3,67.9,34.2,11.3,37.8,58.7,94.5,2024M
52,Turkey,118.3,32.5,59.8,71.1,27.1,13.9,43.8,64.7,85.8,2024M
53,Belarus,117.0,35.9,48.6,47.7,36.3,13.6,30.7,44.4,64.4,2024M
54,Panama,116.8,33.3,55.9,60.7,48.2,11.7,35.1,56.0,67.8,2024M
55,Jordan,116.3,34.9,59.3,65.1,45.3,7.4,40.6,76.2,89.0,2024M
56,India,116.1,61.7,55.6,65.2,22.9,9.9,46.4,72.8,64.5,2024M
57,Georgia,116.0,25.2,73.8,54.5,40.6,13.2,36.3,68.2,84.2,2024M
58,Serbia,113.1,34.9,61.5,52.2,40.5,17.6,30.8,64.7,83.2,2024M
59,Argentina,110.2,33.9,36.0,68.3,30.3,22.3,44.3,51.0,98.3,2024M
60,North Macedonia,109.4,35.9,59.3,55.1,32.5,13.7,25.5,79.6,78.6,2024M
61,Azerbaijan,108.5,28.6,68.3,47.5,30.6,14.7,39.5,73.4,91.4,2024M
62,Ukraine,107.3,31.2,53.2,55.3,30.7,14.2,37.7,62.0,70.7,2024M
63,Brazil,106.8,28.0,33.9,58.6,37.7,16.8,40.7,52.9,94.4,2024M
64,Hong Kong (China),105.5,68.8,78.3,65.6,72.4,42.1,42.3,67.2,83.6,2024M
65,China,105.1,58.2,74.2,67.6,36.5,33.0,39.2,78.8,79.4,2024M
66,Morocco,104.7,31.2,52.9,45.4,30.1,14.5,37.0,69.4,90.0,2024M
67,Russia,104.2,40.2,60.3,60.0,32.1,16.7,43.9,60.7,48.9,2024M
68,Kenya,103.5,31.0,43.2,61.5,28.9,13.6,51.6,69.2,99.8,2024M
69,Pakistan,101.4,22.0,57.2,59.5,17.6,14.0,38.1,73.5,71.9,2024M
70,Colombia,99.2,27.9,39.2,68.2,27.6,18.1,47.4,62.9,82.9,2024M
71,Chile,99.1,33.9,41.3,63.6,47.7,16.2,36.2,77.2,90.2,2024M
72,Thailand,98.5,31.7,61.7,77.9,38.5,25.8,38.9,75.4,69.4,2024M
73,Kazakhstan,96.5,33.1,53.6,60.4,34.3,10.9,35.8,73.0,39.8,2024M
74,Indonesia,92.0,24.7,54.1,60.6,30.8,19.7,42.9,67.3,59.7,2024M
75,Vietnam,89.3,30.3,55.9,59.9,34.5,24.1,29.3,84.2,71.1,2024M
76,Egypt,88.6,17.4,53.0,47.7,21.7,12.5,48.5,82.9,90.8,2024M
77,Lebanon,82.4,19.4,53.5,62.4,53.1,24.6,38.4,89.4,94.7,2024M
78,Philippines,82.1,21.0,57.4,67.4,35.9,31.0,42.8,72.9,68.2,2024M
79,Peru,80.3,28.0,32.5,56.3,33.6,18.9,49.1,83.0,97.7,2024M
80,Iran,77.6,21.6,50.2,52.3,28.4,22.2,47.2,75.5,65.7,2024M
81,Sri Lanka,76.5,14.6,57.8,71.5,33.8,35.3,56.4,59.6,59.1,2024M
82,Venezuela,74.4,11.3,17.9,39.2,41.8,17.1,32.8,75.5,99.9,2024M
83,Bangladesh,69.5,26.2,37.5,42.0,26.2,12.8,57.4,85.2,72.9,2024M
84,Nigeria,49.5,9.4,34.2,48.0,23.2,18.2,62.8,88.2,60.8,2024M
1,Luxembourg,207.3,148.9,65.6,76.3,65.3,9.1,26.1,21.8,82.6,2024
2,Netherlands,198.5,103.3,73.7,78.9,64.3,7.4,23.7,21.8,87.1,2024
3,Iceland,194.9,109.1,74.6,67.1,85.7,5.6,21.9,15.8,68.8,2024
4,Denmark,193.6,103.3,73.7,78.0,75.2,6.8,28.7,21.9,82.5,2024
5,Finland,190.4,97.3,73.7,77.3,65.5,8.3,26.0,12.0,58.9,2024
6,Oman,187.0,109.6,81.0,61.0,44.4,3.1,21.9,38.4,67.2,2024
7,Switzerland,186.7,118.9,74.7,72.6,112.2,11.1,33.1,22.2,79.2,2024
8,Norway,184.2,94.9,67.4,75.7,79.2,7.8,26.8,18.6,71.4,2024
9,Austria,181.5,84.4,70.7,76.6,66.8,11.0,24.1,21.8,77.8,2024
10,Estonia,180.1,69.0,76.2,76.3,53.0,10.2,21.8,16.7,64.3,2024
11,Japan,177.6,99.5,77.4,79.3,50.7,10.0,40.2,38.6,84.8,2024
12,Germany,176.5,101.0,61.1,71.7,62.7,9.8,30.3,29.2,82.7,2024
13,Spain,176.5,78.2,63.8,77.6,48.4,7.4,26.4,35.6,94.4,2024
14,Sweden,175.0,94.6,51.6,68.6,62.2,8.1,29.1,17.7,74.0,2024
15,United States,174.0,120.9,50.7,67.6,72.9,4.1,33.8,37.1,78.9,2024
16,Slovenia,173.4,68.0,75.8,66.5,49.3,11.2,25.2,22.4,76.1,2024
17,New Zealand,168.4,93.0,52.3,67.7,68.2,10.5,35.6,28.1,95.5,2024
18,Qatar,165.9,127.4,84.0,72.3,55.0,6.7,31.0,60.5,36.0,2024
19,Lithuania,165.0,61.8,67.2,74.4,48.4,11.1,23.8,26.9,67.8,2024
20,Portugal,164.1,46.5,68.8,72.7,46.6,12.6,27.9,28.7,97.3,2024
21,Croatia,164.0,58.0,74.0,65.1,46.9,13.4,26.0,31.3,89.0,2024
22,Australia,163.8,93.6,52.9,69.8,72.8,11.0,42.8,29.4,93.8,2024
23,Czech Republic,163.6,64.9,73.2,75.5,48.6,12.9,29.2,34.8,79.1,2024
24,United Arab Emirates,163.2,98.7,84.4,69.2,57.8,4.2,37.4,49.0,45.8,2024
25,Singapore,160.9,103.0,76.5,70.6,81.9,14.9,41.4,33.3,57.5,2024
26,United Kingdom,160.3,90.1,52.6,73.5,63.7,9.9,34.6,40.5,87.7,2024
27,Belgium,156.5,90.7,50.8,75.3,63.0,6.8,35.5,49.7,86.0,2024
28,Saudi Arabia,155.1,105.1,73.1,60.4,47.4,3.2,30.9,64.1,55.3,2024
29,Ireland,153.9,82.0,53.5,51.8,66.5,7.5,37.8,34.2,88.6,2024
30,Taiwan,152.9,80.0,83.3,86.0,49.0,19.5,31.6,63.9,83.0,2024
31,Latvia,152.5,51.9,62.6,62.6,51.4,9.4,29.0,30.8,74.7,2024
32,France,152.0,83.4,44.7,78.1,66.0,12.3,34.8,43.4,90.6,2024
33,Canada,150.2,83.3,54.8,69.1,68.4,11.0,34.6,30.2,51.4,2024
34,Israel,148.9,79.5,67.6,73.5,67.2,14.2,36.8,57.0,93.8,2024
35,Slovakia,148.7,55.8,68.9,59.2,47.9,14.5,27.4,37.2,78.1,2024
36,Cyprus,148.3,59.4,67.6,57.2,57.1,8.1,23.4,56.4,92.8,2024
37,South Korea,142.3,90.6,75.1,82.7,64.4,19.9,40.4,61.4,68.4,2024
38,Kuwait,140.1,128.5,67.2,57.9,43.4,7.7,35.0,68.0,20.2,2024
39,South Africa,139.9,84.7,24.6,64.0,33.8,3.3,38.7,56.3,95.3,2024
40,Italy,139.1,62.8,52.7,65.6,58.9,10.7,32.8,54.0,91.1,2024
41,Uruguay,139.1,47.0,47.8,68.4,55.3,10.3,37.8,43.4,98.0,2024
42,Poland,137.4,66.2,69.3,55.4,41.9,12.2,32.9,57.5,75.9,2024
43,Bulgaria,133.5,52.6,62.9,57.2,38.7,8.9,29.1,63.3,82.8,2024
44,Hungary,133.2,49.8,66.3,54.0,43.4,13.8,35.8,48.0,79.5,2024
45,Romania,129.2,48.4,66.3,56.3,38.8,11.0,33.3,58.9,74.9,2024
46,Bosnia And Herzegovina,127.8,47.1,59.1,55.7,34.7,12.5,26.6,60.5,80.5,2024
47,Greece,127.2,42.1,53.3,57.3,54.2,13.6,33.6,52.0,93.8,2024
48,Malaysia,125.8,62.1,49.3,70.1,30.5,8.5,37.1,61.4,57.9,2024
49,Malta,124.8,58.3,58.8,52.3,55.1,11.4,28.2,75.4,97.4,2024
50,Mexico,123.9,38.0,46.2,72.5,43.8,10.7,39.2,58.1,90.0,2024
51,Turkey,123.6,39.3,59.1,70.7,33.8,12.5,44.1,64.7,93.3,2024
52,Hong Kong (China),121.9,84.1,78.2,65.8,71.5,32.1,42.4,66.9,83.6,2024
53,Ecuador,121.2,36.4,37.9,67.6,33.6,11.3,37.2,58.6,99.0,2024
54,Belarus,119.3,39.6,49.2,48.0,27.1,13.7,30.8,44.9,64.4,2024
55,Panama,117.8,34.7,55.7,60.1,47.4,11.1,35.1,55.8,67.8,2024
56,Georgia,117.6,27.9,73.9,54.5,37.2,13.0,38.9,68.4,88.5,2024
57,Jordan,117.0,36.4,59.6,65.0,43.0,7.5,40.6,76.4,89.0,2024
58,Serbia,115.9,39.6,61.7,52.1,38.3,16.8,30.9,65.0,83.2,2024
59,Argentina,112.1,35.8,35.8,68.1,27.8,21.1,44.2,51.1,98.3,2024
60,India,111.8,60.7,55.7,64.9,22.2,13.3,46.8,72.8,63.3,2024
61,China,110.9,60.5,75.1,68.1,34.1,29.6,39.0,78.2,79.7,2024
62,Azerbaijan,109.8,29.4,68.4,47.7,31.1,14.4,39.1,73.1,91.4,2024
63,Brazil,109.1,30.1,34.4,58.9,35.2,16.5,40.6,52.6,95.1,2024
64,North Macedonia,108.0,37.0,59.0,55.1,34.1,14.8,24.9,79.6,76.3,2024
65,Ukraine,107.2,32.2,53.1,55.4,28.6,15.0,37.7,61.8,70.7,2024
66,Russia,106.1,41.5,60.9,60.9,29.5,16.1,43.2,59.6,45.1,2024
67,Kenya,105.3,30.6,43.6,61.1,24.8,12.1,51.2,69.3,99.8,2024
68,Pakistan,104.0,24.5,56.8,59.8,18.5,12.5,38.2,72.9,71.9,2024
69,Morocco,103.2,30.4,53.5,45.1,29.9,15.9,36.1,69.6,88.5,2024
70,Colombia,102.9,28.1,38.8,68.3,30.6,18.7,47.3,62.8,96.7,2024
71,Albania,100.5,31.6,54.4,49.5,40.8,14.1,36.7,77.0,86.4,2024
72,Chile,99.3,36.4,40.7,63.4,39.9,17.5,36.2,77.1,90.2,2024
73,Kazakhstan,98.4,36.8,54.1,60.1,33.5,10.4,35.8,73.6,39.8,2024
74,Thailand,97.7,32.9,62.1,77.2,36.0,26.5,39.0,75.5,67.6,2024
75,Indonesia,94.8,25.8,53.9,60.8,28.5,18.9,43.0,67.4,64.0,2024
76,Vietnam,92.7,32.5,57.8,60.8,30.8,23.7,29.1,83.8,71.2,2024
77,Philippines,85.9,25.9,57.2,67.4,33.6,27.0,43.1,72.5,60.8,2024
78,Egypt,83.8,15.2,52.7,47.5,29.1,16.2,48.1,82.8,92.0,2024
79,Lebanon,81.3,20.7,53.6,63.5,46.3,27.4,38.2,89.4,94.7,2024
80,Peru,80.5,27.3,32.2,56.4,30.9,18.9,49.1,82.7,97.7,2024
81,Iran,77.7,21.2,50.5,53.0,26.9,22.4,46.8,74.8,63.4,2024
82,Venezuela,77.3,12.6,18.8,38.7,39.4,15.2,32.8,75.6,99.9,2024
83,Sri Lanka,76.9,14.4,57.9,71.1,33.2,36.0,54.8,58.8,59.1,2024
84,Bangladesh,69.1,25.8,38.5,42.3,24.9,12.7,57.7,85.6,71.3,2024
85,Nigeria,47.1,9.4,33.8,48.7,19.3,21.1,63.3,87.9,60.8,2024
1,Luxembourg,200.1,133.2,66.0,77.3,71.7,10.1,25.4,22.1,82.6,2023M
2,Netherlands,200.1,106.9,73.8,78.6,67.5,6.7,23.8,21.9,86.7,2023M
3,Iceland,191.1,100.4,75.0,67.2,87.7,5.9,22.3,15.7,68.8,2023M
4,Denmark,190.6,96.9,73.4,78.4,79.2,6.7,28.6,21.9,81.8,2023M
5,Finland,188.1,93.8,73.5,77.5,68.7,8.1,26.4,11.8,56.6,2023M
6,Switzerland,185.8,110.8,75.1,73.4,117.3,11.0,30.2,21.2,79.6,2023M
7,Oman,184.8,106.2,80.4,59.0,49.6,3.2,22.3,36.7,67.2,2023M
8,Austria,183.3,85.6,72.4,76.5,68.7,10.6,23.8,21.1,76.9,2023M
9,Norway,181.8,90.7,67.5,76.6,82.2,8.2,26.5,18.0,68.7,2023M
10,Spain,177.7,83.6,64.2,77.5,49.9,7.1,26.9,36.7,93.7,2023M
11,Estonia,176.4,62.7,75.5,75.9,55.9,10.2,22.2,17.1,64.3,2023M
12,Germany,176.0,100.2,62.0,71.8,66.0,10.2,30.7,29.0,83.3,2023M
13,Japan,175.5,94.3,77.1,79.6,54.3,9.8,39.4,39.0,84.8,2023M
14,Sweden,174.8,95.3,51.9,68.5,60.9,9.1,28.9,17.9,74.9,2023M
15,United Arab Emirates,173.8,118.0,85.4,69.6,60.7,3.3,36.0,47.7,45.8,2023M
16,United States,173.0,117.7,50.8,68.2,74.2,4.2,33.3,36.5,77.8,2023M
17,New Zealand,170.9,87.3,52.9,69.7,70.7,9.9,32.8,25.7,96.4,2023M
18,Slovenia,169.3,59.6,75.8,66.4,51.6,12.1,25.3,22.3,77.6,2023M
19,Qatar,166.6,120.2,85.7,73.5,59.3,5.1,29.5,60.0,36.0,2023M
20,Portugal,166.5,49.8,69.3,72.3,46.1,11.9,27.9,28.8,97.8,2023M
21,Australia,165.7,89.3,53.3,71.4,75.4,9.9,40.7,28.2,93.9,2023M
22,United Kingdom,164.2,94.3,53.1,73.7,63.6,8.4,34.8,40.3,88.3,2023M
23,Czech Republic,162.3,67.9,73.2,75.2,52.8,14.0,29.4,35.2,78.0,2023M
24,Croatia,161.6,54.5,73.9,64.5,47.4,13.4,27.4,31.5,89.7,2023M
25,Lithuania,160.4,54.8,66.8,73.7,49.9,12.6,24.6,26.7,69.9,2023M
26,Belgium,156.4,90.7,51.1,75.2,65.8,6.4,36.0,49.7,86.0,2023M
27,Canada,156.4,90.9,55.2,69.7,68.0,9.6,34.3,29.8,53.9,2023M
28,Ireland,153.2,80.0,53.9,51.9,70.4,7.3,37.5,34.7,89.1,2023M
29,France,153.2,81.5,45.4,78.8,69.1,10.8,35.0,42.8,90.3,2023M
30,Singapore,153.2,85.9,76.9,70.9,85.9,15.7,41.7,33.0,57.5,2023M
31,Latvia,152.6,50.3,62.7,62.7,51.0,8.6,29.2,30.9,74.7,2023M
32,Saudi Arabia,150.7,98.7,75.7,61.4,50.1,2.9,29.8,63.2,41.4,2023M
33,Slovakia,148.2,51.2,68.7,59.7,47.5,13.0,27.6,37.3,78.1,2023M
34,Israel,147.2,76.3,67.8,73.6,70.0,14.7,36.6,57.0,94.0,2023M
35,Cyprus,146.5,52.6,67.4,55.3,59.2,7.2,22.8,55.5,93.3,2023M
36,Taiwan,144.9,67.8,83.9,85.9,53.3,22.1,31.5,65.0,84.1,2023M
37,Italy,140.3,63.8,52.7,65.9,61.0,9.2,33.0,54.6,90.8,2023M
38,Poland,139.6,59.9,70.8,58.9,44.7,11.8,32.0,54.6,75.9,2023M
39,South Korea,138.1,83.5,74.7,83.0,69.2,20.3,39.8,62.2,68.4,2023M
40,South Africa,136.9,78.1,24.5,63.5,34.5,3.3,39.0,56.6,96.0,2023M
41,Uruguay,136.2,40.6,48.1,68.6,61.0,11.1,36.9,42.8,98.0,2023M
42,Hungary,131.6,48.4,66.2,54.2,48.0,14.6,35.4,47.9,79.5,2023M
43,Bulgaria,131.4,49.2,62.5,56.9,40.3,8.7,29.2,63.8,82.8,2023M
44,Romania,129.9,47.5,67.2,56.4,38.4,11.1,33.4,58.9,77.2,2023M
45,Kuwait,129.7,106.9,67.4,58.1,46.1,9.3,35.1,67.9,20.2,2023M
46,Greece,128.9,41.4,53.5,57.2,53.2,11.7,33.7,51.7,93.1,2023M
47,Bosnia And Herzegovina,127.2,45.3,57.5,54.8,36.7,11.7,26.4,60.7,82.3,2023M
48,Mexico,125.0,39.9,45.9,72.6,42.4,8.6,39.2,58.5,85.5,2023M
49,Malaysia,123.4,57.8,48.4,70.0,32.3,8.9,37.0,61.5,59.2,2023M
50,Malta,121.8,51.7,60.0,52.0,59.4,11.3,28.9,75.7,97.4,2023M
51,Ecuador,119.8,35.8,39.3,67.9,34.2,11.3,37.8,58.7,94.5,2023M
52,Turkey,118.3,32.5,59.8,71.1,27.1,13.9,43.8,64.7,85.8,2023M
53,Belarus,117.0,35.9,48.6,47.7,36.3,13.6,30.7,44.4,64.4,2023M
54,Panama,116.8,33.3,55.9,60.7,48.2,11.7,35.1,56.0,67.8,2023M
55,Jordan,116.3,34.9,59.3,65.1,45.3,7.4,40.6,76.2,89.0,2023M
56,India,116.1,61.7,55.6,65.2,22.9,9.9,46.4,72.8,64.5,2023M
57,Georgia,116.0,25.2,73.8,54.5,40.6,13.2,36.3,68.2,84.2,2023M
58,Serbia,113.1,34.9,61.5,52.2,40.5,17.6,30.8,64.7,83.2,2023M
59,Argentina,110.2,33.9,36.0,68.3,30.3,22.3,44.3,51.0,98.3,2023M
60,North Macedonia,109.4,35.9,59.3,55.1,32.5,13.7,25.5,79.6,78.6,2023M
61,Azerbaijan,108.5,28.6,68.3,47.5,30.6,14.7,39.5,73.4,91.4,2023M
62,Ukraine,107.3,31.2,53.2,55.3,30.7,14.2,37.7,62.0,70.7,2023M
63,Brazil,106.8,28.0,33.9,58.6,37.7,16.8,40.7,52.9,94.4,2023M
64,Hong Kong (China),105.5,68.8,78.3,65.6,72.4,42.1,42.3,67.2,83.6,2023M
65,China,105.1,58.2,74.2,67.6,36.5,33.0,39.2,78.8,79.4,2023M
66,Morocco,104.7,31.2,52.9,45.4,30.1,14.5,37.0,69.4,90.0,2023M
67,Russia,104.2,40.2,60.3,60.0,32.1,16.7,43.9,60.7,48.9,2023M
68,Kenya,103.5,31.0,43.2,61.5,28.9,13.6,51.6,69.2,99.8,2023M
69,Pakistan,101.4,22.0,57.2,59.5,17.6,14.0,38.1,73.5,71.9,2023M
70,Colombia,99.2,27.9,39.2,68.2,27.6,18.1,47.4,62.9,82.9,2023M
71,Chile,99.1,33.9,41.3,63.6,47.7,16.2,36.2,77.2,90.2,2023M
72,Thailand,98.5,31.7,61.7,77.9,38.5,25.8,38.9,75.4,69.4,2023M
73,Kazakhstan,96.5,33.1,53.6,60.4,34.3,10.9,35.8,73.0,39.8,2023M
74,Indonesia,92.0,24.7,54.1,60.6,30.8,19.7,42.9,67.3,59.7,2023M
75,Vietnam,89.3,30.3,55.9,59.9,34.5,24.1,29.3,84.2,71.1,2023M
76,Egypt,88.6,17.4,53.0,47.7,21.7,12.5,48.5,82.9,90.8,2023M
77,Lebanon,82.4,19.4,53.5,62.4,53.1,24.6,38.4,89.4,94.7,2023M
78,Philippines,82.1,21.0,57.4,67.4,35.9,31.0,42.8,72.9,68.2,2023M
79,Peru,80.3,28.0,32.5,56.3,33.6,18.9,49.1,83.0,97.7,2023M
80,Iran,77.6,21.6,50.2,52.3,28.4,22.2,47.2,75.5,65.7,2023M
81,Sri Lanka,76.5,14.6,57.8,71.5,33.8,35.3,56.4,59.6,59.1,2023M
82,Venezuela,74.4,11.3,17.9,39.2,41.8,17.1,32.8,75.5,99.9,2023M
83,Bangladesh,69.5,26.2,37.5,42.0,26.2,12.8,57.4,85.2,72.9,2023M
84,Nigeria,49.5,9.4,34.2,48.0,23.2,18.2,62.8,88.2,60.8,2023M
1,Netherlands,196.7,107.8,72.7,77.1,68.6,7.2,25.5,23.7,86.8,2023
2,Denmark,194.7,105.0,73.4,79.2,78.6,6.6,28.5,21.3,81.8,2023
3,Switzerland,193.6,118.7,76.4,74.5,114.2,9.7,28.4,19.6,79.6,2023
4,Luxembourg,192.9,127.1,64.9,75.0,73.2,11.5,29.1,21.9,82.6,2023
5,Finland,190.5,98.8,73.2,77.1,67.5,7.8,27.2,12.0,59.2,2023
6,Iceland,187.5,90.1,75.1,67.0,83.3,7.0,20.6,15.2,68.8,2023
7,Austria,185.8,91.2,72.7,77.2,66.0,10.3,24.8,21.5,77.1,2023
8,Oman,184.7,108.2,80.3,58.2,47.8,3.6,22.6,37.2,67.2,2023
9,Australia,183.0,110.9,54.5,75.3,75.3,7.5,36.1,25.4,93.9,2023
10,Norway,182.7,95.0,66.5,76.7,88.6,8.1,26.7,17.7,68.7,2023
11,Germany,179.0,107.6,62.4,71.9,62.9,10.7,31.2,28.8,83.3,2023
12,New Zealand,176.7,93.0,54.2,71.0,72.9,9.0,31.4,24.2,96.4,2023
13,Japan,176.3,100.4,76.9,80.3,64.6,10.3,40.0,39.2,85.3,2023
14,Sweden,175.8,101.2,51.5,68.6,62.9,9.9,29.4,18.0,74.9,2023
15,United Arab Emirates,175.7,123.4,84.9,69.6,60.3,3.0,36.1,48.2,45.8,2023
16,Spain,173.8,82.5,64.3,77.9,50.6,7.8,29.1,39.6,93.7,2023
17,United States,172.7,115.7,51.0,68.6,72.4,4.5,33.1,36.1,77.3,2023
18,Estonia,171.9,61.4,74.9,74.1,54.8,11.8,23.8,17.9,64.3,2023
19,Slovenia,169.3,61.7,75.8,65.3,50.8,12.1,26.1,22.7,77.6,2023
20,Qatar,167.5,123.6,85.2,73.8,59.5,5.3,29.7,60.0,36.0,2023
21,United Kingdom,166.4,98.9,53.1,74.1,61.5,8.3,34.6,40.4,88.1,2023
22,Portugal,163.8,51.7,68.5,71.5,45.3,12.6,29.5,30.6,97.8,2023
23,Czech Republic,163.6,71.8,73.4,75.5,48.9,14.9,29.5,35.3,78.0,2023
24,Croatia,163.2,56.2,75.4,63.9,46.7,13.2,26.5,32.0,89.7,2023
25,Canada,162.3,102.1,55.7,70.4,66.1,9.4,33.7,29.1,53.2,2023
26,Lithuania,161.5,56.7,67.0,73.2,48.8,12.7,25.0,25.7,69.9,2023
27,Belgium,157.3,94.5,50.9,75.2,65.6,6.5,36.3,50.1,86.0,2023
28,Singapore,154.2,95.6,70.8,70.9,85.9,15.5,41.4,33.1,57.5,2023
29,Ireland,154.0,82.6,54.1,51.8,70.5,7.3,37.9,34.8,89.1,2023
30,France,153.8,86.2,44.7,79.4,68.7,11.8,35.0,42.9,89.7,2023
31,Latvia,153.2,52.9,62.3,62.4,50.9,8.1,29.7,31.5,74.7,2023
32,Saudi Arabia,151.8,101.9,75.4,61.2,50.6,3.0,29.4,63.3,41.4,2023
33,Slovakia,149.7,56.3,68.6,60.1,44.2,13.2,28.1,38.3,78.1,2023
34,Cyprus,148.5,54.8,68.6,54.7,55.9,6.8,22.9,55.3,93.3,2023
35,Israel,148.4,80.5,67.4,73.5,76.4,14.1,36.4,57.4,93.9,2023
36,Taiwan (China),147.8,71.3,83.8,85.9,54.2,20.1,32.0,64.9,83.5,2023
37,Italy,140.9,66.5,53.1,66.3,61.3,9.7,33.5,54.7,90.8,2023
38,Poland,139.9,64.0,70.8,57.6,38.6,13.3,32.1,54.5,76.0,2023
39,South Africa,138.8,83.9,24.6,63.7,37.8,3.4,39.1,56.4,95.3,2023
40,Hungary,134.3,53.1,66.1,54.4,39.2,14.6,35.6,47.7,79.5,2023
41,South Korea,133.0,85.5,74.5,83.0,70.4,26.0,39.8,62.3,68.4,2023
42,Romania,132.9,52.5,68.0,56.5,37.4,10.9,33.5,58.5,77.2,2023
43,Bulgaria,131.6,51.2,62.0,56.7,40.5,9.2,28.9,63.7,82.8,2023
44,Uruguay,131.4,38.4,47.3,68.4,59.9,13.7,37.3,43.9,98.0,2023
45,Bosnia And Herzegovina,128.6,48.6,57.1,54.9,35.1,11.4,27.1,60.6,82.3,2023
46,Greece,128.6,41.9,53.0,57.5,54.6,11.5,33.7,51.6,91.8,2023
47,Mexico,127.0,43.5,45.6,72.5,37.3,8.4,39.3,58.5,85.8,2023
48,Malaysia,126.0,65.7,47.1,70.0,35.0,8.1,37.0,61.7,57.9,2023
49,Kuwait,125.0,96.7,67.4,59.7,46.8,11.5,33.4,67.8,20.2,2023
50,Ecuador,122.0,37.0,40.6,69.5,35.1,11.1,37.8,58.4,94.5,2023
51,Turkey,119.4,31.0,59.9,71.0,28.1,12.6,43.9,65.1,88.1,2023
52,Panama,119.0,36.4,56.3,61.0,48.2,10.2,35.1,57.3,67.8,2023
53,Georgia,118.6,25.9,74.1,54.8,38.9,13.3,35.7,67.8,88.5,2023
54,India,117.9,64.6,55.4,65.1,22.4,9.2,46.4,73.0,65.0,2023
55,Serbia,117.4,39.6,61.8,52.2,37.2,15.9,31.1,64.1,83.2,2023
56,Jordan,116.8,38.0,59.0,64.9,46.8,7.4,41.0,76.4,89.0,2023
57,Belarus,114.7,36.4,43.6,47.1,35.4,13.8,29.9,44.5,64.4,2023
58,Malta,112.7,50.6,57.5,45.4,61.4,12.1,29.2,81.2,97.4,2023
59,Ukraine,112.5,38.1,53.3,55.2,25.6,12.2,37.8,62.1,70.7,2023
60,Argentina,111.0,36.8,35.7,68.9,31.2,22.7,43.7,51.3,98.3,2023
61,North Macedonia,110.0,38.2,59.1,55.3,31.4,13.3,25.7,79.7,76.3,2023
62,Azerbaijan,109.6,32.0,68.2,46.8,28.9,14.5,39.6,73.9,91.4,2023
63,Morocco,106.5,33.6,53.2,45.8,29.3,14.2,37.0,69.3,90.0,2023
64,Brazil,105.2,28.7,33.4,58.2,34.7,18.3,41.0,53.7,95.7,2023
65,China,104.1,62.3,73.7,67.5,39.2,34.6,38.8,79.3,78.4,2023
66,Russia,103.0,40.9,60.7,59.7,40.8,16.3,43.9,60.9,46.0,2023
67,Pakistan,102.1,24.4,57.7,59.5,18.0,13.9,38.1,73.6,70.8,2023
68,Chile,102.0,37.3,41.9,64.4,44.1,15.6,35.5,77.9,90.2,2023
69,Hong Kong (China),101.9,67.7,78.5,65.8,75.7,44.9,42.7,67.2,83.6,2023
70,Kenya,101.4,32.8,43.0,61.8,32.4,16.0,51.6,69.2,99.8,2023
71,Colombia,101.2,31.1,39.8,67.9,23.1,17.5,47.9,63.1,82.9,2023
72,Thailand,100.5,33.2,61.3,77.9,40.7,24.0,39.0,75.3,69.4,2023
73,Indonesia,98.0,27.5,54.1,60.5,31.2,18.5,42.7,67.1,70.5,2023
74,Kazakhstan,97.6,38.1,47.3,59.9,28.1,9.7,34.5,73.1,39.8,2023
75,Egypt,90.8,21.9,52.8,47.6,21.6,12.0,48.2,83.2,90.8,2023
76,Vietnam,89.3,31.5,55.5,59.3,35.7,23.5,29.6,85.1,71.2,2023
77,Lebanon,88.9,22.7,53.8,63.2,65.8,18.3,38.7,89.4,94.7,2023
78,Peru,81.8,31.3,32.4,55.9,32.4,19.0,49.6,82.4,97.7,2023
79,Philippines,81.7,22.4,57.3,67.8,34.0,30.1,42.9,72.9,61.6,2023
80,Iran,73.8,21.1,50.1,52.3,35.2,24.4,47.3,75.3,63.7,2023
81,Sri Lanka,72.8,16.0,58.6,72.0,25.3,40.8,56.9,59.4,59.1,2023
82,Venezuela,72.6,12.4,17.4,39.3,41.6,18.9,33.1,75.7,99.9,2023
83,Bangladesh,70.1,26.9,37.4,42.3,26.6,12.6,57.4,85.1,72.9,2023
84,Nigeria,38.5,8.4,34.5,48.5,30.9,28.2,63.4,88.0,60.8,2023
1,Switzerland,195.1,116.2,77.9,75.3,110.3,8.9,28.4,19.4,79.6,2022M
2,Denmark,194.2,99.8,73.7,79.8,73.1,6.3,28.4,20.9,81.8,2022M
3,Netherlands,191.5,99.6,72.4,75.9,67.7,7.4,26.6,24.7,86.9,2022M
4,Australia,190.7,117.6,55.2,77.8,72.3,5.6,34.7,24.2,93.9,2022M
5,Finland,186.8,91.0,73.2,76.8,63.7,7.5,27.6,12.0,56.6,2022M
6,Iceland,184.5,82.6,75.7,66.6,86.6,6.8,20.0,15.8,68.8,2022M
7,Norway,179.6,86.3,66.5,77.1,85.9,7.8,26.9,18.0,68.7,2022M
8,Germany,178.3,102.7,63.0,72.4,59.6,10.6,31.1,28.1,82.9,2022M
9,Austria,178.1,75.1,73.2,76.2,64.1,10.9,25.4,22.2,77.1,2022M
10,New Zealand,176.8,85.0,55.4,73.0,69.0,8.0,30.7,23.9,96.4,2022M
11,United Arab Emirates,174.4,118.9,85.1,69.7,58.0,2.9,36.1,47.9,45.2,2022M
12,Estonia,173.8,60.4,75.9,73.9,49.5,10.1,24.0,18.4,64.3,2022M
13,Luxembourg,173.8,96.1,64.4,71.5,72.1,14.0,31.7,24.1,82.6,2022M
14,Sweden,173.7,94.9,51.2,68.8,61.8,9.5,29.4,18.0,74.9,2022M
15,Spain,173.0,77.3,65.0,78.1,47.5,7.5,29.2,39.1,93.6,2022M
16,Japan,172.6,91.1,77.8,80.5,62.8,10.5,40.7,39.1,84.8,2022M
17,Oman,172.1,78.8,80.3,58.2,48.1,4.6,22.6,36.8,67.2,2022M
18,Slovenia,168.7,57.9,76.8,65.1,47.3,11.7,26.3,22.8,77.6,2022M
19,United States,167.2,99.9,51.6,68.9,69.9,4.6,32.9,35.7,77.1,2022M
20,United Kingdom,164.8,92.9,53.4,74.5,60.4,8.0,34.4,40.4,88.0,2022M
21,Czech Republic,163.8,69.9,74.2,75.5,44.3,14.9,29.4,35.3,78.3,2022M
22,Canada,163.8,101.7,56.4,70.8,68.8,8.9,33.6,28.9,55.3,2022M
23,Lithuania,163.0,55.7,67.4,73.4,43.1,12.2,25.3,24.8,69.9,2022M
24,Croatia,162.7,52.8,76.0,63.7,43.7,13.2,26.7,31.4,89.9,2022M
25,Portugal,162.2,47.9,68.5,72.1,42.2,13.0,29.6,31.0,97.8,2022M
26,Belgium,155.8,86.3,53.3,75.5,62.8,6.6,36.4,49.8,86.0,2022M
27,Qatar,155.6,98.1,85.8,73.7,60.6,6.9,30.0,60.0,36.0,2022M
28,Singapore,154.5,94.6,72.8,71.1,79.1,16.8,41.2,33.0,57.5,2022M
29,France,152.7,79.6,45.6,80.0,65.6,11.8,34.7,42.2,90.0,2022M
30,Latvia,152.2,49.8,61.5,63.2,45.2,7.7,30.2,32.0,74.7,2022M
31,Ireland,151.7,75.2,54.1,52.0,66.7,7.0,37.9,35.0,89.1,2022M
32,Slovakia,150.5,53.8,69.5,60.1,41.0,12.0,28.1,38.6,78.1,2022M
33,Saudi Arabia,150.2,93.3,75.4,61.2,50.3,2.9,29.0,63.3,46.0,2022M
34,Cyprus,148.2,54.5,68.9,54.1,52.5,6.8,23.1,55.2,92.2,2022M
35,Israel,146.4,73.5,67.8,73.7,77.3,13.3,36.4,57.8,93.9,2022M
36,Taiwan,143.8,61.8,83.9,86.0,55.9,19.7,31.7,64.9,81.6,2022M
37,Italy,137.3,58.0,53.8,66.7,58.5,11.1,33.6,54.4,91.7,2022M
38,South Africa,136.6,77.8,24.6,64.0,37.9,3.3,39.2,56.4,95.3,2022M
39,Hungary,136.2,53.2,66.1,54.3,34.6,13.2,35.6,47.8,79.5,2022M
40,Poland,132.2,60.7,67.9,54.6,35.1,13.5,32.3,60.1,76.0,2022M
41,Puerto Rico,131.1,65.4,38.2,56.9,64.6,4.2,34.8,48.9,71.2,2022M
42,Romania,131.1,48.8,67.5,56.5,34.9,11.1,33.4,58.5,76.5,2022M
43,South Korea,130.8,81.3,73.9,83.0,67.0,26.5,39.6,62.4,68.4,2022M
44,Bosnia And Herzegovina,129.4,46.5,57.3,55.3,32.2,10.4,26.2,60.2,80.5,2022M
45,Bulgaria,129.0,46.9,61.6,56.8,37.6,9.6,29.0,63.8,81.2,2022M
46,Greece,127.1,38.4,52.0,57.2,50.2,12.1,33.7,51.8,93.8,2022M
47,Mexico,126.9,41.1,46.1,72.8,35.1,8.2,39.2,58.3,85.5,2022M
48,India,124.4,76.4,55.4,65.6,23.9,7.4,46.4,73.0,64.7,2022M
49,Costa Rica,122.9,38.6,46.1,63.0,43.6,10.0,60.2,44.2,99.5,2022M
50,Uruguay,122.7,28.6,47.9,68.0,59.1,18.1,37.3,44.8,98.0,2022M
51,Malaysia,121.6,59.4,45.6,70.1,34.4,8.7,37.2,62.2,57.5,2022M
52,Serbia,120.4,41.6,61.8,52.4,33.3,14.8,31.0,63.3,83.2,2022M
53,Ecuador,120.3,33.6,42.1,68.9,35.7,11.8,37.9,58.3,94.5,2022M
54,Turkey,119.5,28.0,60.1,70.7,28.4,11.9,44.0,65.1,90.4,2022M
55,Georgia,119.2,25.1,74.7,54.5,34.9,12.3,35.6,69.1,88.5,2022M
56,Kuwait,118.8,81.8,67.0,58.9,46.0,11.2,33.4,67.8,20.2,2022M
57,Tunisia,117.3,28.6,56.1,57.3,25.5,11.2,32.5,69.9,94.5,2022M
58,Panama,115.3,32.7,56.4,61.1,48.3,11.3,36.7,57.8,67.8,2022M
59,Jordan,113.7,32.2,59.0,64.9,47.5,8.2,41.2,76.2,89.0,2022M
60,Ukraine,112.1,36.3,53.4,55.2,30.7,11.3,37.9,62.3,70.7,2022M
61,Argentina,110.1,33.6,35.9,69.0,32.1,22.8,43.4,50.9,98.3,2022M
62,North Macedonia,109.8,35.6,59.0,55.6,28.5,12.7,26.0,79.5,76.3,2022M
63,Belarus,109.6,32.3,42.8,46.1,26.4,17.4,29.9,44.4,64.4,2022M
64,Azerbaijan,108.8,29.4,68.3,46.6,28.3,14.1,39.6,74.0,91.4,2022M
65,Morocco,107.2,32.7,52.6,46.4,29.7,13.2,36.9,69.3,90.0,2022M
66,Malta,106.1,44.8,56.3,38.2,57.7,12.9,30.0,81.1,97.4,2022M
67,Brazil,104.0,27.3,33.2,57.9,34.8,18.5,41.1,53.7,94.9,2022M
68,Hong Kong,103.9,66.9,78.4,66.2,76.6,42.6,42.9,67.2,83.6,2022M
69,Russia,103.2,42.2,60.7,59.9,48.1,16.9,44.1,60.8,48.9,2022M
70,Pakistan,103.1,24.4,58.4,59.5,17.8,13.4,38.2,73.7,70.8,2022M
71,Colombia,102.9,28.3,41.3,67.5,25.2,16.9,47.9,63.1,88.3,2022M
72,Chile,102.9,35.8,43.5,64.2,37.2,15.1,35.8,78.3,90.2,2022M
73,Thailand,101.9,30.8,61.1,77.6,38.6,21.6,39.1,75.4,69.4,2022M
74,Lebanon,97.7,32.0,53.4,62.9,68.5,12.7,38.7,89.5,94.7,2022M
75,Indonesia,96.9,25.5,53.9,60.5,32.2,17.8,43.4,67.2,69.0,2022M
76,Kazakhstan,96.6,35.2,47.0,59.9,26.5,9.6,34.7,73.0,39.8,2022M
77,China,95.6,56.2,71.2,66.7,40.3,38.4,39.5,80.2,79.4,2022M
78,Egypt,91.2,21.7,53.4,47.4,26.3,11.1,48.3,83.4,90.8,2022M
79,Kenya,90.9,32.2,43.7,63.4,33.4,26.9,52.1,69.2,99.8,2022M
80,Vietnam,86.3,28.2,54.2,59.1,35.6,24.1,29.7,85.6,71.2,2022M
81,Philippines,81.4,20.1,57.6,67.7,33.6,29.6,42.9,72.9,61.6,2022M
82,Peru,81.3,28.5,32.8,55.8,30.7,18.6,49.6,82.4,97.7,2022M
83,Venezuela,73.0,12.7,16.8,39.2,41.8,18.3,33.1,75.7,99.9,2022M
84,Iran,69.4,18.0,50.3,52.3,36.5,28.6,46.7,75.2,65.7,2022M
85,Sri Lanka,68.9,15.3,59.0,72.0,22.4,44.4,56.9,60.3,59.1,2022M
86,Bangladesh,68.5,25.3,36.9,41.7,29.3,11.9,57.5,85.5,71.3,2022M
87,Nigeria,45.1,8.2,35.9,48.5,30.0,22.3,63.4,88.1,60.8,2022M
1,Switzerland,195.3,118.4,78.3,74.8,123.3,8.3,28.5,19.6,80.2,2022
2,Denmark,192.4,99.5,73.4,80.1,84.1,6.8,28.5,21.0,81.8,2022
3,Netherlands,185.4,88.0,72.1,75.6,75.7,7.2,27.4,25.1,87.1,2022
4,Finland,185.0,91.0,72.7,76.3,73.2,7.9,27.8,12.1,56.6,2022
5,Australia,183.8,104.6,56.2,78.1,77.7,7.2,34.8,23.9,92.7,2022
6,Iceland,182.3,77.1,76.5,66.4,94.9,6.4,19.8,15.8,68.8,2022
7,Germany,180.3,103.1,63.6,73.2,65.6,8.9,31.1,27.8,82.4,2022
8,Austria,179.2,77.3,73.9,76.7,71.0,10.7,25.5,21.7,77.1,2022
9,New Zealand,176.8,83.6,56.7,73.3,74.5,8.0,30.8,23.6,96.7,2022
10,Norway,176.4,83.1,66.2,76.8,100.9,8.0,26.9,17.9,68.7,2022
11,Sweden,175.3,98.1,51.0,68.7,71.7,7.8,29.4,18.3,74.9,2022
12,Estonia,174.2,63.5,76.2,73.3,53.7,9.3,24.5,19.7,64.3,2022
13,Oman,173.7,84.2,80.0,58.2,49.4,4.6,22.8,37.2,67.2,2022
14,Luxembourg,173.6,98.8,64.3,70.8,80.5,13.6,32.7,23.9,82.6,2022
15,United States,170.7,106.3,51.8,69.1,70.1,4.0,32.9,35.3,76.8,2022
16,Japan,169.5,87.1,77.9,80.5,77.0,11.0,40.7,38.8,85.3,2022
17,Slovenia,169.0,59.5,77.3,65.2,53.9,11.5,26.5,22.9,77.6,2022
18,Spain,168.5,70.0,66.1,78.4,53.9,8.8,29.2,39.7,93.8,2022
19,Czech Republic,162.6,66.5,74.5,75.3,48.2,13.6,29.5,35.9,77.1,2022
20,Portugal,162.5,46.8,69.4,72.0,47.9,12.2,29.9,30.5,97.8,2022
21,Lithuania,161.8,58.7,66.7,71.9,45.6,11.0,26.0,26.7,67.8,2022
22,United Kingdom,161.7,88.8,53.5,74.8,69.7,8.9,34.4,40.2,88.1,2022
23,Canada,160.4,88.0,57.1,71.3,70.2,7.5,33.6,28.8,56.0,2022
24,United Arab Emirates,160.4,92.2,84.9,68.7,58.3,4.4,36.2,49.7,45.2,2022
25,Croatia,159.2,47.5,75.9,64.1,48.9,13.9,26.9,31.2,89.0,2022
26,France,156.7,85.4,47.6,80.2,74.1,9.9,35.2,42.4,89.7,2022
27,Qatar,154.5,93.7,86.2,73.5,62.8,6.2,30.1,59.9,36.0,2022
28,Ireland,154.5,82.3,54.5,52.3,76.1,6.5,37.9,34.8,89.1,2022
29,Belgium,151.9,79.7,54.6,75.5,72.6,7.1,36.9,50.1,86.0,2022
30,Singapore,151.6,91.3,72.4,71.1,84.0,17.5,41.2,33.3,57.5,2022
31,Slovakia,151.2,54.7,69.8,60.3,44.7,11.2,28.2,39.1,78.1,2022
32,Latvia,150.8,51.6,61.3,62.4,48.5,8.1,31.2,32.7,74.7,2022
33,Saudi Arabia,149.5,91.8,75.3,60.9,50.4,2.8,28.3,63.8,46.0,2022
34,Cyprus,147.1,57.3,67.9,52.0,59.0,6.4,22.9,56.9,93.3,2022
35,Israel,146.1,75.6,67.9,73.8,88.1,13.5,36.4,57.7,94.0,2022
36,Italy,141.1,61.7,54.8,66.8,66.5,8.6,33.8,54.1,91.5,2022
37,Taiwan,140.2,58.3,84.1,86.4,62.4,21.8,31.7,64.7,81.6,2022
38,Poland,140.0,60.0,70.2,57.8,39.0,11.2,31.8,54.7,76.0,2022
39,Hungary,137.1,52.0,65.7,53.4,40.7,10.9,35.5,47.9,80.3,2022
40,South Africa,136.0,78.4,23.9,64.0,42.1,3.1,39.3,56.6,95.3,2022
41,Puerto Rico,133.8,72.8,37.8,57.7,66.5,4.0,34.2,50.0,71.2,2022
42,Romania,133.4,48.1,71.2,56.2,35.2,10.4,33.6,58.6,77.6,2022
43,Bulgaria,130.1,46.0,61.3,56.4,38.4,7.7,29.4,64.3,82.8,2022
44,Greece,129.2,39.7,52.6,57.3,56.2,10.1,33.8,51.9,94.2,2022
45,Bosnia And Herzegovina,127.1,44.1,57.8,54.3,36.1,10.8,26.0,60.9,80.5,2022
46,South Korea,125.0,76.9,73.5,82.7,73.2,29.4,40.0,62.4,68.4,2022
47,Mexico,124.9,38.6,46.3,72.8,35.3,8.7,39.3,58.5,84.0,2022
48,Turkey,124.1,32.9,60.3,70.8,28.3,10.3,44.2,65.5,93.8,2022
49,Uruguay,122.3,30.1,48.6,68.4,52.1,20.1,37.3,45.2,98.0,2022
50,Costa Rica,122.1,39.9,46.1,62.7,47.0,10.6,60.2,44.7,99.5,2022
51,Georgia,121.1,31.1,75.7,54.2,30.2,12.0,35.4,69.3,84.2,2022
52,Ecuador,118.8,31.8,42.8,69.3,37.3,12.5,38.9,58.2,94.5,2022
53,Malaysia,118.0,55.3,44.3,70.1,37.0,9.8,37.2,62.1,57.5,2022
54,Kuwait,117.3,78.6,66.6,59.4,48.7,12.3,33.3,66.1,20.2,2022
55,Serbia,117.2,37.8,61.7,52.5,36.2,16.5,30.8,62.9,83.2,2022
56,Tunisia,114.6,27.8,55.7,56.5,27.9,11.7,32.7,70.8,93.2,2022
57,Panama,114.3,33.1,56.1,61.1,51.4,11.2,37.1,58.7,67.8,2022
58,Jordan,113.9,31.3,59.8,65.6,49.2,8.0,41.2,76.3,89.0,2022
59,Ukraine,111.9,37.2,53.1,54.3,30.7,10.9,37.7,62.9,70.7,2022
60,India,111.0,49.7,55.4,65.7,24.4,10.2,46.5,73.1,65.1,2022
61,North Macedonia,109.6,35.4,59.1,55.8,31.4,12.5,26.3,79.7,76.3,2022
62,Malta,109.5,44.2,59.2,45.6,67.8,13.1,29.1,81.0,97.4,2022
63,Belarus,108.5,31.8,41.6,45.6,30.9,16.7,30.2,44.8,64.4,2022
64,Morocco,107.5,34.4,50.9,46.7,33.8,12.6,36.3,69.3,90.0,2022
65,Brazil,107.0,27.8,33.0,57.8,33.2,16.3,41.3,53.8,97.2,2022
66,Argentina,105.4,30.7,35.9,69.3,34.7,26.0,43.3,51.2,98.3,2022
67,China,105.1,60.0,70.6,66.4,41.8,29.0,40.0,80.6,78.4,2022
68,Azerbaijan,104.1,27.3,67.7,44.8,29.7,16.8,39.6,74.3,91.4,2022
69,Colombia,103.5,28.9,42.3,67.2,26.7,16.9,47.8,63.0,88.3,2022
70,Russia,103.3,37.4,60.4,59.1,35.3,14.8,44.5,61.8,48.9,2022
71,Pakistan,102.6,26.6,58.0,59.6,19.9,14.3,37.8,73.7,70.4,2022
72,Thailand,101.0,31.6,60.7,77.6,43.2,21.7,39.6,75.5,69.4,2022
73,Chile,100.1,33.3,46.0,64.0,43.9,17.2,35.8,78.5,90.2,2022
74,Lebanon,99.3,35.1,53.1,62.7,69.6,12.2,38.5,89.3,94.7,2022
75,Hong Kong,98.4,65.7,78.1,66.3,80.7,46.9,42.6,67.6,83.6,2022
76,Kazakhstan,93.8,32.2,46.6,60.0,28.7,10.5,34.7,73.4,39.8,2022
77,Kenya,92.5,32.2,43.8,63.4,33.9,24.2,54.0,69.3,99.8,2022
78,Indonesia,90.4,21.1,53.9,60.4,35.9,21.9,43.5,67.2,68.5,2022
79,Vietnam,90.0,29.4,54.2,58.9,37.5,20.5,29.8,85.5,71.2,2022
80,Egypt,89.9,21.5,53.4,47.0,29.5,12.0,48.4,83.6,92.0,2022
81,Philippines,83.7,21.5,57.7,67.5,37.1,29.6,43.1,73.4,69.3,2022
82,Peru,80.4,28.2,32.9,56.2,32.5,19.5,48.8,82.9,97.7,2022
83,Venezuela,77.4,15.4,16.4,39.3,43.2,14.4,34.1,75.4,99.9,2022
84,Sri Lanka,67.9,19.3,58.8,72.1,31.3,46.0,57.1,60.2,59.1,2022
85,Bangladesh,67.6,25.3,36.6,42.3,33.1,13.5,55.9,85.0,71.3,2022
86,Iran,64.9,18.0,50.9,52.3,37.4,33.0,47.1,75.4,65.7,2022
87,Nigeria,52.4,9.3,36.2,48.5,30.5,16.1,62.0,88.3,60.8,2022
1,Switzerland,188.4,102.8,78.4,74.1,125.0,8.2,28.7,19.9,80.0,2021M
2,Denmark,186.2,86.4,73.8,79.8,88.5,7.0,28.7,21.3,81.8,2021M
3,Netherlands,180.3,76.7,72.8,75.3,78.9,7.3,27.6,25.4,87.0,2021M
4,Finland,179.0,80.1,72.4,76.2,76.4,8.6,28.9,12.0,56.6,2021M
5,Australia,178.4,91.1,57.0,77.9,80.7,7.3,34.8,23.7,92.7,2021M
6,Iceland,177.6,67.3,76.3,65.9,99.7,6.1,19.9,16.0,68.8,2021M
7,Austria,176.4,68.7,74.5,77.0,74.9,10.9,25.7,20.4,77.1,2021M
8,Germany,175.2,89.9,64.2,73.5,67.8,8.9,31.2,27.8,82.8,2021M
9,New Zealand,173.6,74.9,57.1,73.6,76.3,7.8,30.7,23.7,96.7,2021M
10,Luxembourg,171.8,87.8,65.9,72.9,85.3,13.0,31.8,23.3,82.6,2021M
11,Norway,171.7,73.6,66.3,75.6,103.6,8.1,26.9,18.1,68.7,2021M
12,Estonia,171.2,56.6,76.3,72.7,53.8,9.4,24.4,19.7,64.3,2021M
13,Sweden,170.2,85.4,52.0,68.8,75.9,7.7,29.8,18.5,74.9,2021M
14,Oman,168.8,74.9,79.7,58.4,49.6,5.5,23.0,37.2,67.2,2021M
15,Slovenia,165.7,52.1,77.7,65.2,56.4,11.7,26.9,22.6,77.6,2021M
16,Japan,164.1,76.0,77.8,80.2,81.1,11.6,40.0,39.1,85.3,2021M
17,United States,163.6,94.3,52.2,69.1,70.5,4.0,32.9,39.3,77.5,2021M
18,Spain,163.5,58.5,66.7,78.8,56.6,9.2,29.3,39.7,93.6,2021M
19,Lithuania,160.3,52.8,66.6,70.9,46.0,10.5,25.8,26.7,69.9,2021M
20,Portugal,159.8,40.5,70.1,71.9,50.6,12.9,29.3,30.2,97.8,2021M
21,Czech Republic,157.5,54.8,74.5,75.4,48.2,13.7,29.6,36.3,77.1,2021M
22,Canada,157.2,78.3,58.1,71.7,71.5,7.2,33.7,28.5,55.3,2021M
23,United Kingdom,156.9,77.5,53.9,75.1,70.6,9.5,34.4,40.1,88.2,2021M
24,United Arab Emirates,156.9,84.9,84.8,68.2,58.9,4.5,36.2,49.9,45.2,2021M
25,Croatia,155.4,39.8,75.4,64.0,55.2,13.6,28.1,30.8,89.7,2021M
26,France,153.6,76.4,48.0,80.6,77.6,10.0,34.8,42.2,90.4,2021M
27,Qatar,151.5,84.9,87.9,73.2,61.9,6.1,30.5,60.2,36.0,2021M
28,Ireland,150.5,71.6,54.5,52.8,78.5,6.7,38.1,33.9,89.1,2021M
29,Belgium,148.2,70.1,55.4,75.4,75.8,7.0,36.8,50.1,86.0,2021M
30,Slovakia,147.1,45.7,69.6,60.2,47.3,11.1,27.9,39.5,78.1,2021M
31,Latvia,146.8,43.5,61.2,62.0,50.4,8.3,30.9,33.2,74.7,2021M
32,Singapore,146.5,78.5,72.0,71.2,82.6,17.6,41.2,33.1,57.5,2021M
33,Cyprus,146.1,49.4,68.7,54.6,61.6,6.6,23.1,55.1,93.3,2021M
34,Saudi Arabia,144.7,80.1,74.8,60.9,49.6,2.7,28.4,63.9,46.0,2021M
35,Israel,143.7,65.9,68.5,73.9,84.8,12.9,35.6,58.1,94.0,2021M
36,Taiwan,138.5,51.1,84.5,86.4,64.9,21.8,31.4,63.0,81.6,2021M
37,Italy,137.8,54.3,55.2,67.0,70.0,8.8,34.0,54.1,91.5,2021M
38,Hungary,134.5,47.4,65.6,52.9,42.3,10.6,35.9,48.1,79.5,2021M
39,South Africa,131.4,69.2,23.1,63.9,44.2,3.4,39.4,56.4,95.3,2021M
40,Romania,130.9,41.9,71.7,56.0,36.8,10.3,34.0,58.6,77.6,2021M
41,Puerto Rico,128.2,61.2,37.2,57.3,67.8,4.2,34.2,50.2,71.2,2021M
42,Greece,128.0,36.0,54.1,57.1,58.4,9.6,34.0,52.1,92.5,2021M
43,Poland,127.8,43.6,69.5,56.1,41.8,14.1,31.3,57.3,76.0,2021M
44,Bulgaria,126.9,39.5,61.8,56.3,38.7,8.3,29.4,64.5,82.8,2021M
45,South Korea,124.7,69.4,73.3,82.4,76.5,26.1,40.2,62.4,68.4,2021M
46,Turkey,124.2,31.3,60.4,70.7,31.7,8.7,44.2,65.8,93.2,2021M
47,Bosnia And Herzegovina,123.9,38.9,57.0,53.2,37.0,11.0,25.9,61.0,80.5,2021M
48,Uruguay,122.4,27.4,48.3,67.8,50.5,18.5,37.3,45.4,98.0,2021M
49,Costa Rica,120.4,34.7,45.8,62.2,48.5,10.0,60.2,44.1,99.5,2021M
50,Mexico,119.8,31.3,45.8,72.5,36.7,10.9,39.2,59.9,88.5,2021M
51,Serbia,117.0,34.2,61.9,52.0,37.6,15.9,30.8,61.7,83.2,2021M
52,Georgia,116.6,25.2,76.6,54.4,28.6,14.4,35.4,70.0,84.2,2021M
53,Ecuador,116.3,27.1,44.8,68.2,38.8,13.3,39.3,58.4,94.5,2021M
54,Malaysia,115.0,50.1,42.7,70.0,37.5,10.0,37.2,62.6,59.1,2021M
55,Kuwait,113.7,70.5,66.6,59.0,49.1,12.5,33.2,66.1,20.2,2021M
56,Jordan,112.3,28.0,60.0,65.4,50.9,7.9,41.7,76.4,89.0,2021M
57,Panama,111.1,28.9,54.8,60.7,53.0,11.4,37.1,59.4,67.8,2021M
58,North Macedonia,108.3,29.9,60.9,56.4,32.8,12.2,26.9,79.8,76.3,2021M
59,Ukraine,107.8,30.3,52.6,53.7,31.2,11.2,37.8,63.6,70.7,2021M
60,Belarus,107.1,29.9,40.4,44.8,31.6,16.2,30.3,44.8,64.4,2021M
61,Morocco,105.0,29.8,51.3,45.9,35.6,12.9,36.3,69.4,90.0,2021M
62,Brazil,104.7,25.1,32.5,57.8,36.1,16.0,41.4,54.4,95.4,2021M
63,Argentina,104.3,27.7,36.2,69.0,35.3,26.4,42.6,51.0,98.3,2021M
64,China,103.2,53.6,69.9,66.2,41.3,27.9,40.6,81.2,80.2,2021M
65,India,103.0,42.2,55.6,65.8,24.6,10.8,46.6,79.9,65.5,2021M
66,Pakistan,102.2,24.6,57.5,60.0,21.9,13.6,38.3,73.4,70.4,2021M
67,Colombia,102.0,25.3,43.1,66.9,28.1,17.5,47.3,62.9,88.3,2021M
68,Azerbaijan,101.4,23.1,68.0,44.6,30.0,17.6,40.0,74.3,91.4,2021M
69,Thailand,100.3,28.9,60.6,77.7,44.8,21.2,39.8,75.3,69.4,2021M
70,Russia,97.9,35.5,60.0,58.5,36.8,15.3,44.5,62.6,39.8,2021M
71,Chile,97.3,29.4,46.6,64.0,48.6,18.1,36.2,78.6,90.2,2021M
72,Hong Kong,96.1,56.9,78.0,66.4,80.8,45.7,42.7,67.4,83.6,2021M
73,Kazakhstan,94.2,31.6,46.2,59.6,29.6,9.5,34.8,73.2,39.8,2021M
74,Indonesia,90.2,19.0,54.1,60.5,36.0,21.5,43.3,67.2,68.5,2021M
75,Vietnam,88.9,25.3,53.8,58.6,36.9,19.8,29.6,85.5,71.1,2021M
76,Egypt,87.2,18.5,53.2,46.6,29.1,12.7,49.0,83.9,92.0,2021M
77,Peru,81.3,26.1,33.3,57.8,33.0,18.8,49.1,82.3,97.7,2021M
78,Philippines,78.1,18.0,57.5,67.2,39.1,30.2,43.7,73.7,61.0,2021M
79,Kenya,76.9,25.4,39.9,57.5,35.8,27.0,56.4,75.9,99.8,2021M
80,Sri Lanka,75.5,18.4,58.6,72.7,30.4,38.6,56.7,60.0,59.1,2021M
81,Bangladesh,64.5,21.8,36.1,42.2,33.0,14.9,57.1,84.9,72.9,2021M
82,Iran,63.6,16.8,50.6,52.3,40.6,34.9,47.3,75.7,71.0,2021M
83,Nigeria,54.7,8.8,35.9,48.5,29.6,14.0,62.0,87.7,60.8,2021M
1,Switzerland,190.8,111.0,78.7,74.5,131.7,8.4,28.7,20.1,80.0,2021
2,Denmark,190.0,94.7,73.3,80.0,91.7,6.7,28.7,20.4,81.8,2021
3,Netherlands,183.3,83.9,72.8,75.8,78.6,7.4,27.8,25.3,87.1,2021
4,Finland,182.8,89.1,73.0,76.4,77.5,8.6,29.0,11.9,56.6,2021
5,Austria,182.4,78.2,74.8,78.4,75.5,10.4,25.7,19.2,77.8,2021
6,Australia,181.5,99.3,57.6,77.7,84.1,7.4,35.0,23.5,92.7,2021
7,Iceland,179.1,71.9,75.9,65.7,96.8,6.3,20.0,16.2,68.8,2021
8,Germany,176.8,93.7,64.6,73.8,70.6,9.1,31.4,27.5,83.0,2021
9,New Zealand,175.8,81.4,57.7,73.6,79.1,8.1,30.7,23.8,96.4,2021
10,Norway,173.6,79.4,66.6,75.5,106.1,8.5,26.9,18.1,68.7,2021
11,Estonia,173.6,61.2,76.6,72.8,56.5,9.1,24.7,19.0,64.3,2021
12,Oman,172.1,84.4,79.7,58.4,50.2,5.8,23.0,37.6,67.2,2021
13,Sweden,171.4,90.6,52.8,68.8,79.2,8.6,29.9,18.4,74.9,2021
14,Slovenia,168.2,56.1,78.2,65.3,59.4,10.9,26.8,22.7,77.6,2021
15,United States,167.0,102.6,52.3,69.0,71.9,4.0,32.9,38.9,77.3,2021
16,Spain,164.5,62.7,66.9,78.8,59.1,9.6,29.4,39.6,93.2,2021
17,Japan,162.3,76.5,78.0,80.7,87.8,13.0,39.9,39.4,85.3,2021
18,Portugal,161.9,45.0,70.1,71.9,52.9,12.7,29.6,29.6,97.7,2021
19,Lithuania,160.0,54.6,66.2,71.0,47.7,11.0,25.7,27.0,69.9,2021
20,Canada,160.0,82.8,58.8,71.8,70.1,7.5,33.7,28.1,56.7,2021
21,United Kingdom,159.0,82.6,54.7,74.9,71.0,9.6,34.4,40.2,88.0,2021
22,Czech Republic,156.3,56.4,74.7,75.4,49.2,15.5,29.7,36.3,77.1,2021
23,Croatia,156.1,43.1,75.1,64.2,56.4,14.2,28.1,30.6,89.7,2021
24,United Arab Emirates,156.0,85.7,84.6,68.0,61.7,4.9,36.3,50.4,45.2,2021
25,Qatar,154.6,93.1,87.7,73.0,64.2,6.0,30.5,60.2,36.0,2021
26,Belgium,150.9,76.5,55.8,75.2,78.5,6.9,36.2,50.3,86.0,2021
27,Ireland,150.9,73.8,55.0,52.8,83.1,7.4,37.7,33.6,89.1,2021
28,France,150.7,74.1,50.8,81.0,80.6,13.5,34.5,41.8,89.9,2021
29,Slovakia,149.7,50.4,70.3,60.9,49.1,11.1,27.8,39.1,78.1,2021
30,Latvia,147.6,45.9,62.8,62.2,52.9,8.5,31.2,33.9,74.7,2021
31,Saudi Arabia,147.4,88.2,74.1,60.7,49.9,2.6,28.4,64.1,46.0,2021
32,Israel,144.1,70.4,68.8,73.8,86.6,13.7,35.8,58.4,93.8,2021
33,Cyprus,144.1,52.3,68.0,52.7,64.0,7.1,23.4,56.8,93.3,2021
34,Singapore,143.8,83.6,67.0,70.9,85.6,19.4,41.2,33.2,57.5,2021
35,Taiwan,138.8,56.1,84.8,86.4,65.2,23.6,31.3,62.9,81.6,2021
36,Italy,138.6,58.7,55.6,66.8,73.1,9.5,34.2,53.9,91.5,2021
37,Hungary,134.0,49.8,65.2,51.6,42.7,11.6,35.8,47.8,79.5,2021
38,Poland,132.6,47.1,70.7,58.3,42.0,14.0,31.3,54.3,75.9,2021
39,South Africa,132.2,72.9,22.9,63.9,41.7,4.0,39.3,57.0,95.3,2021
40,Romania,131.7,45.2,71.7,56.1,38.5,10.7,34.1,58.4,77.7,2021
41,Puerto Rico,130.8,69.2,36.6,55.6,69.5,3.6,34.2,50.4,71.2,2021
42,South Korea,130.0,76.6,73.1,82.3,81.2,23.6,39.9,61.8,68.4,2021
43,Greece,129.9,38.9,55.9,57.0,61.0,10.1,33.9,51.9,94.2,2021
44,Bulgaria,126.3,40.3,61.9,56.1,40.9,9.0,29.4,64.5,82.8,2021
45,Turkey,126.0,35.3,60.5,70.7,31.5,8.2,44.6,66.2,93.3,2021
46,Bosnia And Herzegovina,125.7,42.6,57.0,53.5,38.6,10.7,25.9,60.7,80.5,2021
47,Uruguay,124.6,30.6,48.8,67.7,51.1,17.3,37.7,45.7,98.0,2021
48,Costa Rica,121.7,39.0,44.7,62.9,50.6,10.1,60.2,44.1,99.5,2021
49,Mexico,120.3,35.5,45.0,72.5,35.1,10.5,39.0,61.2,86.6,2021
50,Georgia,118.9,25.7,77.4,53.8,28.0,14.2,35.4,69.7,88.5,2021
51,Ecuador,118.8,30.5,45.6,68.8,40.1,12.6,39.6,58.3,94.5,2021
52,Malaysia,116.9,56.1,42.1,69.6,39.5,9.9,37.0,62.6,59.1,2021
53,Serbia,116.2,35.8,61.7,51.6,39.2,17.1,31.1,61.2,83.2,2021
54,Jordan,114.0,33.1,59.3,65.4,52.2,8.0,41.4,76.1,89.0,2021
55,Kuwait,114.0,75.3,66.0,59.0,49.4,13.2,33.7,66.7,20.2,2021
56,Argentina,110.5,34.6,36.7,68.6,37.9,22.7,43.2,50.7,98.3,2021
57,Panama,110.3,32.1,54.2,60.4,54.1,12.3,37.6,59.8,67.8,2021
58,North Macedonia,108.5,32.0,61.4,56.5,34.1,12.7,27.2,80.0,76.3,2021
59,Ukraine,107.4,30.1,51.7,53.4,29.2,10.8,37.9,64.3,70.8,2021
60,Belarus,107.3,32.0,39.7,44.4,30.7,16.8,30.1,44.5,64.4,2021
61,Pakistan,105.1,27.3,56.1,60.5,21.6,12.6,37.8,73.4,73.6,2021
62,Brazil,104.7,28.7,32.2,57.3,31.8,16.1,41.7,54.5,92.4,2021
63,India,104.5,47.1,55.3,66.2,25.2,11.3,46.7,79.6,65.3,2021
64,Morocco,104.4,32.2,50.9,45.8,36.9,13.5,36.3,70.4,90.0,2021
65,China,103.1,57.5,69.8,66.4,42.5,29.0,40.9,81.5,80.2,2021
66,Azerbaijan,102.9,25.8,68.3,44.0,30.9,16.6,39.4,75.4,91.4,2021
67,Russia,101.7,34.6,59.9,58.4,33.2,11.1,44.6,62.3,38.5,2021
68,Colombia,101.3,26.1,44.2,66.7,31.0,18.7,47.3,62.9,88.3,2021
69,Thailand,100.3,31.4,60.6,78.1,49.3,22.2,39.2,75.4,69.4,2021
70,Chile,99.9,33.3,47.9,63.7,49.3,17.6,35.6,79.0,90.2,2021
71,Hong Kong,99.3,62.4,78.3,66.3,79.9,45.2,42.3,67.3,83.6,2021
72,Kazakhstan,96.4,34.9,46.0,60.1,29.8,9.6,33.6,72.6,39.8,2021
73,Lebanon,94.5,29.5,53.0,63.3,75.9,14.1,39.1,89.3,94.7,2021
74,Indonesia,90.1,20.9,53.8,60.5,37.4,22.0,43.4,67.1,68.5,2021
75,Vietnam,88.4,27.3,53.9,58.3,38.0,20.6,29.6,85.9,71.1,2021
76,Egypt,86.3,20.0,53.2,46.2,30.1,13.6,49.1,84.3,92.0,2021
77,Peru,83.3,28.8,33.4,56.4,36.3,16.9,48.8,82.7,97.7,2021
78,Sri Lanka,79.8,20.8,58.8,72.6,31.3,35.0,57.2,59.9,59.1,2021
79,Philippines,78.4,19.7,57.8,67.1,40.7,30.1,44.0,74.1,61.0,2021
80,Kenya,75.8,27.7,38.6,55.8,36.3,27.3,57.4,75.9,99.8,2021
81,Bangladesh,65.3,24.1,35.8,42.7,33.3,14.4,58.5,84.9,72.9,2021
82,Iran,64.7,19.0,50.8,52.2,41.3,34.2,47.4,76.1,71.0,2021
83,Nigeria,52.0,9.8,36.1,48.9,29.7,17.7,61.7,87.3,60.8,2021
1,Denmark,192.5,101.3,73.9,80.2,85.0,7.0,28.9,21.5,81.8,2020M
2,Switzerland,190.9,114.8,78.4,73.1,125.7,8.5,28.9,21.9,80.0,2020M
3,Finland,186.4,93.9,74.5,76.0,72.7,8.7,29.4,11.8,59.2,2020M
4,Australia,185.0,103.4,58.3,77.8,75.9,7.4,35.0,23.2,94.2,2020M
5,Netherlands,184.2,86.8,72.9,75.7,74.6,7.5,28.2,26.1,87.5,2020M
6,Austria,181.7,79.4,75.6,78.6,71.8,10.8,25.8,21.6,78.2,2020M
7,Iceland,180.7,74.8,76.3,65.6,90.2,6.6,20.1,16.2,68.8,2020M
8,New Zealand,178.2,87.2,57.8,73.8,71.8,8.7,30.8,23.5,95.5,2020M
9,Germany,177.3,97.4,64.9,73.4,66.3,9.3,31.4,29.3,83.2,2020M
10,Estonia,176.0,66.1,76.4,72.5,52.9,8.8,24.6,19.0,64.3,2020M
11,Norway,174.5,83.4,65.4,74.5,96.8,8.7,26.6,20.1,71.4,2020M
12,Oman,173.1,87.3,79.4,58.8,49.4,6.1,22.8,37.5,67.2,2020M
13,Sweden,172.2,94.0,52.6,69.2,72.3,9.0,30.3,19.0,74.0,2020M
14,Slovenia,169.8,60.6,79.1,65.2,55.2,11.1,27.2,23.5,77.6,2020M
15,United States,169.8,108.3,52.3,69.2,72.5,3.7,33.0,38.2,76.7,2020M
16,Spain,167.1,67.7,67.7,78.7,55.3,9.5,29.4,40.4,94.0,2020M
17,Japan,163.2,78.9,78.3,80.2,86.2,13.3,39.4,39.3,84.8,2020M
18,Portugal,162.5,47.1,70.2,71.9,49.5,12.5,30.1,30.4,97.7,2020M
19,United Kingdom,161.2,87.0,55.5,74.9,65.7,9.6,34.5,40.6,87.8,2020M
20,Lithuania,159.8,55.6,66.1,70.5,44.9,11.1,25.7,27.9,69.9,2020M
21,Canada,158.9,83.2,59.4,71.8,66.2,8.2,33.8,28.0,52.7,2020M
22,Qatar,156.9,99.8,88.1,73.0,67.5,6.0,30.5,60.4,36.0,2020M
23,Croatia,156.8,43.3,75.3,63.8,56.3,13.9,28.1,30.1,89.9,2020M
24,United Arab Emirates,155.4,86.1,84.6,67.9,63.0,5.1,36.6,50.7,45.2,2020M
25,Czech Republic,154.7,59.3,74.6,75.2,45.1,16.4,29.7,39.5,77.1,2020M
26,France,150.7,76.2,52.6,80.7,76.3,14.1,35.0,43.6,89.8,2020M
27,Ireland,150.2,74.6,54.3,52.3,78.1,7.7,38.1,34.3,89.1,2020M
28,Slovakia,149.9,53.4,70.2,60.2,46.8,11.0,28.6,40.0,78.1,2020M
29,Belgium,149.7,80.1,54.7,74.8,73.6,6.9,36.4,53.7,86.0,2020M
30,Saudi Arabia,148.9,93.8,73.3,60.4,49.1,2.7,28.4,64.3,46.0,2020M
31,Latvia,148.7,49.5,62.6,62.1,49.2,8.7,31.6,34.1,74.7,2020M
32,Israel,146.9,73.9,69.6,73.4,82.5,13.5,36.1,57.5,93.8,2020M
33,Cyprus,146.9,56.8,68.4,52.5,59.9,7.5,23.6,55.1,92.8,2020M
34,Singapore,142.2,82.6,68.5,71.0,81.1,21.7,41.2,33.3,57.5,2020M
35,Taiwan,140.5,61.4,84.7,86.4,61.9,24.2,31.5,63.1,81.6,2020M
36,Italy,139.0,61.8,55.8,67.0,69.0,9.8,34.3,55.7,91.6,2020M
37,South Korea,136.3,81.7,72.7,82.3,75.9,19.4,39.9,62.2,68.4,2020M
38,Belarus,133.5,33.7,75.0,60.0,32.6,15.5,30.2,43.6,64.4,2020M
39,South Africa,132.4,73.5,22.7,64.2,37.5,4.2,39.4,57.1,95.3,2020M
40,Romania,131.7,46.7,72.2,55.5,36.2,11.0,34.7,58.8,77.7,2020M
41,Greece,131.5,40.8,58.7,56.6,57.5,10.7,33.7,52.3,94.2,2020M
42,Puerto Rico,131.0,71.2,35.3,55.6,70.0,3.7,34.2,50.1,71.2,2020M
43,Hungary,128.4,46.3,64.8,48.0,40.1,13.8,35.9,48.7,79.5,2020M
44,Bulgaria,127.1,44.1,61.4,56.2,38.4,9.1,29.4,65.4,82.8,2020M
45,Turkey,126.4,38.0,60.5,70.4,32.4,8.5,44.9,66.2,93.3,2020M
46,Poland,125.2,52.3,66.9,52.0,39.5,13.2,32.2,63.1,76.0,2020M
47,Uruguay,124.8,33.8,47.0,67.4,46.7,17.8,37.7,45.8,98.0,2020M
48,Ecuador,123.1,32.7,47.3,69.5,40.6,12.4,37.1,56.9,94.5,2020M
49,Bosnia And Herzegovina,123.1,41.6,56.4,53.2,36.6,12.2,25.9,61.7,80.5,2020M
50,Mexico,120.6,38.2,46.7,72.1,30.9,10.7,39.2,63.3,86.3,2020M
51,Malaysia,117.4,59.1,41.4,68.9,38.1,10.0,37.1,62.8,59.2,2020M
52,Georgia,116.4,24.8,79.5,52.2,29.7,14.5,35.4,70.6,84.2,2020M
53,Serbia,116.1,36.0,62.3,51.7,37.0,17.9,31.0,61.2,83.2,2020M
54,Kuwait,115.1,79.3,65.4,58.1,49.9,13.1,34.0,66.4,20.2,2020M
55,Argentina,114.2,43.4,37.7,69.2,31.2,24.1,43.0,50.6,98.3,2020M
56,Jordan,114.1,34.7,59.2,65.5,53.4,7.9,41.7,76.8,89.0,2020M
57,Panama,112.0,33.8,53.8,60.4,55.0,11.8,37.1,59.0,67.8,2020M
58,North Macedonia,109.0,33.3,61.4,56.2,33.0,12.4,27.6,80.2,76.3,2020M
59,India,105.9,50.5,55.6,66.2,24.1,11.3,46.8,79.6,64.7,2020M
60,Brazil,105.3,30.4,31.7,56.9,31.0,16.5,41.6,54.7,94.1,2020M
61,Ukraine,105.3,30.9,51.2,52.7,30.0,11.9,38.3,65.1,71.1,2020M
62,Pakistan,105.1,28.4,55.8,60.7,21.0,12.5,37.8,73.5,71.9,2020M
63,China,105.0,60.4,68.8,66.6,39.5,28.4,41.4,79.9,78.2,2020M
64,Morocco,104.9,33.4,51.0,46.3,34.4,13.6,36.0,70.1,88.0,2020M
65,Hong Kong,103.2,67.0,79.1,66.3,77.9,43.5,42.4,67.6,83.6,2020M
66,Azerbaijan,102.7,27.2,67.9,44.6,31.1,16.5,40.0,76.3,91.4,2020M
67,Chile,102.0,35.5,50.4,64.4,45.4,17.9,35.2,79.7,90.2,2020M
68,Colombia,101.7,27.9,45.1,66.8,29.0,19.3,47.2,62.4,86.0,2020M
69,Thailand,101.6,33.0,60.0,78.0,49.0,21.6,38.5,75.3,69.4,2020M
70,Russia,101.6,36.0,59.4,58.0,33.7,11.3,45.0,62.6,39.5,2020M
71,Lebanon,99.6,35.3,55.9,63.6,64.3,14.5,38.6,88.9,94.7,2020M
72,Kazakhstan,98.2,38.3,45.2,60.9,31.0,9.4,33.7,72.1,39.8,2020M
73,Indonesia,91.6,22.2,53.9,60.5,36.9,21.3,43.4,66.9,68.5,2020M
74,Egypt,86.8,21.1,53.4,46.3,29.5,13.4,49.3,84.7,92.0,2020M
75,Vietnam,86.5,27.0,53.5,58.0,38.1,21.9,29.8,86.0,71.2,2020M
76,Peru,85.3,30.7,34.3,56.5,37.6,15.6,48.8,83.3,97.7,2020M
77,Sri Lanka,80.4,21.4,59.8,72.4,32.9,35.0,57.0,60.0,59.1,2020M
78,Philippines,79.2,21.4,57.8,67.5,39.3,29.9,44.6,74.2,61.1,2020M
79,Iran,70.3,21.9,51.1,52.2,38.5,29.8,47.4,76.7,71.0,2020M
80,Kenya,66.6,29.0,38.3,55.6,37.7,36.3,57.0,76.6,99.8,2020M
81,Bangladesh,66.3,27.6,36.2,43.1,33.4,14.3,59.0,85.8,72.9,2020M
82,Nigeria,54.9,11.1,36.7,50.1,29.8,16.2,62.1,86.9,60.8,2020M
1,Denmark,192.7,100.9,74.9,80.0,83.0,7.5,28.8,21.3,81.8,2020
2,Switzerland,192.0,119.5,78.4,72.4,122.4,8.7,29.1,22.4,79.2,2020
3,Finland,190.2,99.9,76.7,75.8,70.3,8.3,29.9,11.5,58.9,2020
4,Australia,186.2,107.3,58.6,77.4,73.5,7.5,34.7,23.5,92.7,2020
5,Netherlands,183.7,90.7,72.4,74.6,73.7,7.5,29.4,27.4,87.6,2020
6,Austria,182.5,82.4,76.3,78.7,70.4,10.9,26.3,22.2,77.3,2020
7,Iceland,181.7,79.4,76.6,65.9,100.5,6.7,20.1,16.2,68.8,2020
8,New Zealand,181.0,92.7,59.1,73.8,72.5,8.5,31.1,23.4,95.5,2020
9,Germany,179.8,102.4,65.2,73.3,65.3,9.4,31.0,29.0,83.0,2020
10,Estonia,177.8,71.3,76.9,72.7,50.9,9.1,24.5,19.8,64.3,2020
11,Sweden,175.9,101.7,52.9,69.2,69.8,9.3,30.5,18.1,74.0,2020
12,Norway,175.2,88.4,64.6,74.4,101.4,8.8,27.0,20.3,71.4,2020
13,Slovenia,172.2,66.3,78.9,64.6,53.4,10.5,27.3,24.1,77.6,2020
14,United States,172.1,109.5,52.8,69.3,71.1,3.5,32.9,36.9,77.5,2020
15,Spain,169.8,72.0,68.0,78.9,53.8,9.4,29.1,40.0,94.2,2020
16,Japan,168.0,87.3,79.3,81.1,83.3,13.0,39.2,39.6,84.8,2020
17,Oman,167.1,81.0,79.2,58.2,49.3,9.1,22.8,37.7,67.2,2020
18,Canada,163.5,95.1,60.3,71.6,67.6,8.0,33.9,27.8,50.6,2020
19,Portugal,162.9,49.4,70.4,71.9,49.5,12.7,30.0,30.9,97.3,2020
20,United Kingdom,162.7,91.7,56.3,74.5,67.3,10.1,34.5,40.6,87.6,2020
21,Qatar,162.3,111.7,88.1,73.3,64.0,5.8,29.7,61.1,36.0,2020
22,Lithuania,159.4,57.8,66.9,69.5,44.3,10.9,26.1,28.8,67.8,2020
23,Croatia,159.0,50.4,75.3,62.7,49.7,13.7,29.1,30.5,89.0,2020
24,United Arab Emirates,156.7,91.6,84.3,67.0,62.0,5.3,36.8,51.2,45.2,2020
25,Czech Republic,156.2,62.8,74.5,74.6,46.1,15.4,29.7,40.2,77.1,2020
26,France,153.9,80.4,53.2,80.0,74.1,13.0,34.8,43.6,90.2,2020
27,Ireland,153.5,80.9,54.6,51.9,75.9,7.5,37.7,34.0,89.1,2020
28,Belgium,153.5,86.3,56.0,74.3,71.8,6.9,36.1,52.9,86.0,2020
29,Slovakia,152.5,56.9,70.8,60.0,44.5,10.2,29.1,39.7,78.1,2020
30,Saudi Arabia,150.6,100.0,73.8,59.1,48.3,2.8,28.6,65.1,46.0,2020
31,Latvia,150.0,52.5,63.0,62.9,47.9,8.8,32.9,33.7,74.7,2020
32,Israel,149.9,78.1,70.4,73.3,81.2,12.8,35.9,57.2,93.8,2020
33,Cyprus,147.9,57.4,70.0,51.8,57.9,8.2,24.0,53.6,92.8,2020
34,Singapore,144.4,89.0,69.4,70.8,81.1,22.3,41.3,33.5,57.5,2020
35,Taiwan,143.2,65.7,84.3,86.7,61.4,23.7,31.9,63.4,84.4,2020
36,Poland,141.8,59.6,71.5,61.0,40.0,11.4,31.7,54.5,76.1,2020
37,Italy,140.8,65.6,55.7,66.6,67.3,9.7,34.4,55.6,92.3,2020
38,South Korea,139.0,85.2,72.0,82.0,78.2,17.4,39.6,62.5,68.4,2020
39,Belarus,134.8,37.0,75.0,59.0,34.7,14.6,30.7,43.6,64.4,2020
40,Greece,133.1,43.7,59.7,56.2,55.7,10.6,33.8,52.5,94.2,2020
41,Romania,132.4,48.9,72.4,55.1,35.3,11.3,34.7,58.4,77.6,2020
42,South Africa,132.0,73.6,22.5,64.1,42.9,3.9,39.4,57.3,95.3,2020
43,Bulgaria,129.8,49.4,61.5,55.4,36.7,8.5,29.4,65.3,82.8,2020
44,Hungary,128.2,47.6,64.9,47.8,40.9,14.8,35.8,48.3,79.5,2020
45,Turkey,127.1,40.8,60.5,69.8,34.7,7.8,44.6,67.4,93.3,2020
46,Uruguay,126.0,37.5,46.2,66.3,51.0,16.3,39.9,44.8,98.0,2020
47,Ecuador,125.1,36.1,49.1,70.6,41.0,12.7,37.5,57.0,94.5,2020
48,Bosnia And Herzegovina,121.9,41.8,57.0,52.3,36.0,12.6,26.7,62.3,80.5,2020
49,Chile,119.8,42.5,54.8,65.4,43.6,14.9,35.4,65.8,90.2,2020
50,Mexico,118.5,41.8,46.0,70.1,35.7,10.7,39.4,66.1,86.3,2020
51,Malaysia,118.4,64.5,41.2,68.1,39.1,9.9,37.0,63.2,57.9,2020
52,Serbia,116.3,36.7,62.6,51.3,35.7,18.9,30.4,60.3,83.2,2020
53,Georgia,115.9,24.9,79.8,51.2,28.5,14.2,36.0,71.1,84.2,2020
54,Kuwait,115.8,85.6,65.2,56.2,50.4,12.3,34.4,68.7,20.2,2020
55,Argentina,115.3,47.2,38.2,69.3,33.0,24.5,43.1,50.7,98.3,2020
56,Jordan,112.4,34.9,59.2,64.6,53.7,8.4,42.0,77.8,89.0,2020
57,North Macedonia,110.5,37.2,61.3,56.4,31.6,12.6,27.6,80.2,76.3,2020
58,India,108.6,54.3,56.7,67.1,24.6,11.4,47.0,78.9,64.9,2020
59,Panama,108.4,34.2,52.8,59.9,54.2,12.6,36.5,63.1,67.8,2020
60,Lebanon,106.6,44.5,56.6,64.4,60.5,13.2,37.4,88.4,94.7,2020
61,Colombia,105.8,31.1,45.2,67.2,30.7,19.7,47.5,62.8,96.7,2020
62,Brazil,105.6,32.8,31.1,56.3,40.2,16.4,41.7,55.0,97.2,2020
63,Morocco,105.5,35.2,51.3,45.7,34.3,14.2,36.9,70.6,91.7,2020
64,Pakistan,105.4,30.6,55.9,60.6,22.0,12.0,38.6,74.3,71.9,2020
65,Ukraine,104.8,31.8,51.1,52.3,33.2,12.2,38.7,65.1,71.4,2020
66,China,102.8,60.9,68.2,64.5,40.0,29.1,41.8,80.8,79.2,2020
67,Russia,102.3,38.9,58.9,57.6,39.2,10.8,45.3,62.8,40.4,2020
68,Thailand,101.9,35.5,59.5,77.9,49.8,22.3,38.2,75.1,69.4,2020
69,Hong Kong,99.1,65.3,79.3,66.1,77.2,47.5,41.5,67.7,83.6,2020
70,Indonesia,97.5,25.1,54.2,60.5,37.3,18.9,43.1,66.6,74.1,2020
71,Kazakhstan,88.3,38.4,38.0,50.7,30.6,10.9,31.1,75.1,39.8,2020
72,Vietnam,87.5,28.1,54.7,57.7,38.3,21.4,30.2,86.5,71.2,2020
73,Egypt,86.5,22.4,53.1,45.8,29.5,13.0,49.8,85.6,92.0,2020
74,Peru,85.5,34.0,31.8,56.2,38.7,15.0,48.3,84.1,97.7,2020
75,Philippines,85.4,23.5,57.8,67.5,37.6,24.6,44.6,74.3,60.8,2020
76,Sri Lanka,85.2,24.5,59.8,72.5,31.6,31.1,59.0,59.1,59.1,2020
77,Iran,74.1,22.7,50.7,51.7,39.0,25.1,48.0,77.4,71.0,2020
78,Kenya,70.6,27.3,38.3,55.6,40.2,31.6,56.7,76.6,99.8,2020
79,Bangladesh,70.0,33.2,36.1,42.8,32.3,13.1,56.7,86.2,71.3,2020
80,Nigeria,55.7,13.5,36.2,51.6,31.0,16.7,61.1,87.6,60.8,2020
1,Denmark,196.5,110.7,75.3,79.2,83.9,7.5,29.6,20.8,82.3,2019M
2,Switzerland,196.1,127.8,78.8,73.2,122.7,9.1,29.1,21.3,79.2,2019M
3,Finland,195.1,108.8,77.3,75.3,72.2,7.9,30.6,11.6,62.8,2019M
4,Australia,189.7,118.1,57.3,76.8,73.4,7.7,35.7,23.2,94.2,2019M
5,Iceland,188.1,92.0,76.8,65.7,97.2,6.4,19.5,15.7,68.8,2019M
6,Austria,187.8,89.9,76.8,79.5,72.1,10.6,25.4,21.8,80.4,2019M
7,Netherlands,186.4,98.0,71.5,75.6,75.2,7.5,29.4,27.3,87.6,2019M
8,Germany,184.3,112.0,65.4,73.6,66.6,9.4,30.4,28.4,82.8,2019M
9,New Zealand,183.1,97.6,59.1,73.7,73.0,8.5,30.7,23.5,95.5,2019M
10,Sweden,180.5,112.7,52.8,69.4,70.1,9.6,30.0,17.4,73.6,2019M
11,Norway,179.8,98.0,66.5,74.4,104.5,8.6,27.2,20.3,71.4,2019M
12,Estonia,178.3,76.8,77.8,68.5,51.0,9.1,25.5,19.9,64.3,2019M
13,United States,176.8,119.1,53.3,69.2,70.9,3.5,32.7,35.7,76.7,2019M
14,Japan,176.5,97.6,84.1,80.5,85.5,12.8,38.6,36.8,85.3,2019M
15,Spain,173.6,79.8,68.9,78.4,54.7,9.5,29.3,39.2,94.5,2019M
16,Slovenia,172.3,68.2,78.0,63.7,54.2,10.6,26.7,23.2,76.1,2019M
17,Canada,169.4,105.0,60.5,71.3,68.2,7.9,33.6,27.7,55.8,2019M
18,United Kingdom,166.7,100.5,56.4,74.9,65.3,9.8,34.8,40.6,87.7,2019M
19,Croatia,164.7,57.2,75.8,65.6,50.0,12.7,29.9,29.1,89.0,2019M
20,Portugal,164.4,53.6,69.9,71.6,50.8,13.0,29.2,30.6,97.5,2019M
21,Qatar,164.3,119.3,88.0,73.2,62.2,5.8,31.1,61.6,36.0,2019M
22,Belgium,160.8,93.2,57.5,78.3,73.1,6.9,34.6,50.5,86.0,2019M
23,Czech Republic,160.4,71.2,74.0,74.5,45.7,14.4,29.7,40.1,77.1,2019M
24,Lithuania,159.0,60.4,65.2,68.8,45.4,11.0,26.3,29.8,69.9,2019M
25,Ireland,158.3,90.8,53.8,51.4,76.3,7.1,36.5,33.0,88.6,2019M
26,United Arab Emirates,158.3,100.5,84.5,66.1,63.6,5.4,37.2,53.0,45.2,2019M
27,France,156.1,87.7,53.5,78.3,74.6,13.7,34.6,42.9,89.8,2019M
28,Slovakia,154.5,61.8,70.8,60.5,44.6,10.1,28.4,40.6,78.1,2019M
29,Latvia,153.6,56.6,63.4,63.7,49.6,8.7,31.1,32.9,74.7,2019M
30,Cyprus,152.7,67.3,70.4,52.1,58.4,8.0,21.1,54.2,90.9,2019M
31,Israel,152.3,86.0,69.3,73.0,79.5,13.5,35.4,56.9,93.8,2019M
32,Saudi Arabia,151.8,110.9,71.8,60.0,48.7,2.8,29.1,66.1,41.4,2019M
33,South Korea,151.2,99.1,70.8,83.6,75.2,16.2,39.6,54.8,68.4,2019M
34,Taiwan,146.6,74.2,83.8,86.9,58.8,23.2,32.0,64.2,84.4,2019M
35,Singapore,146.1,88.8,72.3,71.1,80.2,23.1,41.3,32.1,57.5,2019M
36,Poland,145.9,66.1,70.3,62.5,39.4,10.9,31.7,52.9,75.9,2019M
37,Italy,143.8,73.4,55.7,66.6,69.0,9.4,34.9,55.0,91.3,2019M
38,Belarus,137.9,42.9,75.2,58.9,33.0,14.3,30.3,43.8,64.4,2019M
39,South Africa,135.7,81.3,23.0,63.3,43.7,3.8,39.9,56.2,96.0,2019M
40,Romania,135.7,54.2,72.2,55.0,36.1,11.2,34.8,56.5,77.6,2019M
41,Greece,135.6,48.5,60.7,55.5,56.7,10.0,33.4,52.5,92.9,2019M
42,Hungary,133.1,53.8,64.6,47.6,41.7,12.5,35.8,47.6,79.5,2019M
43,Bulgaria,130.3,51.0,60.7,55.1,37.4,9.0,29.0,63.6,81.2,2019M
44,Ecuador,128.1,40.8,51.1,70.8,42.0,12.0,38.2,56.6,92.6,2019M
45,Uruguay,127.0,39.8,47.7,66.1,54.9,15.8,40.4,45.6,98.0,2019M
46,Turkey,126.5,44.4,60.1,69.9,35.7,8.9,44.5,68.6,93.3,2019M
47,Chile,123.8,51.4,52.9,65.2,49.2,13.3,35.6,65.1,90.2,2019M
48,Bosnia And Herzegovina,122.6,46.5,56.4,52.3,36.2,12.7,26.8,63.5,80.5,2019M
49,Mexico,122.4,47.0,47.5,69.4,34.3,10.0,38.2,66.9,87.5,2019M
50,Argentina,121.0,52.0,37.0,69.8,38.7,19.5,42.1,51.9,98.3,2019M
51,Malaysia,120.4,70.4,39.3,67.8,39.5,9.7,36.6,62.9,57.9,2019M
52,Georgia,118.4,30.2,79.8,51.7,27.8,13.6,36.5,71.6,84.2,2019M
53,Serbia,117.7,37.9,62.4,52.0,36.3,19.4,30.2,58.6,83.2,2019M
54,India,115.4,61.7,57.6,68.2,25.1,11.3,46.2,75.6,65.8,2019M
55,Jordan,110.7,37.3,57.1,65.4,55.4,8.7,43.5,78.9,89.0,2019M
56,North Macedonia,110.4,40.2,60.8,57.3,32.3,13.3,29.0,80.1,76.3,2019M
57,Lebanon,110.1,50.7,56.6,64.7,59.7,13.5,36.1,87.7,94.7,2019M
58,Panama,110.0,39.0,54.5,59.9,53.0,12.8,37.3,64.0,67.8,2019M
59,Colombia,109.9,34.6,47.5,67.6,30.3,19.5,45.3,62.6,96.7,2019M
60,Pakistan,105.8,36.1,55.4,60.5,18.6,14.1,38.0,74.8,73.0,2019M
61,Thailand,104.5,39.9,58.7,78.4,49.9,21.7,38.5,74.0,69.4,2019M
62,Russia,104.1,43.7,58.3,57.6,38.6,11.1,45.3,63.5,42.8,2019M
63,Brazil,103.9,36.3,30.5,55.6,42.6,16.8,42.3,56.1,94.3,2019M
64,Morocco,103.7,39.4,50.5,39.4,34.6,14.5,36.8,68.1,86.1,2019M
65,Ukraine,103.3,33.1,51.0,51.1,30.9,13.4,38.4,65.5,70.7,2019M
66,Indonesia,101.9,31.0,53.7,61.9,36.9,15.0,43.5,64.4,63.8,2019M
67,China,99.9,63.9,63.3,64.2,40.5,30.3,41.6,81.2,78.9,2019M
68,Hong Kong,99.6,66.8,81.9,66.9,79.2,49.4,41.1,67.3,83.6,2019M
69,Sri Lanka,89.5,25.6,59.9,73.0,33.0,29.6,55.5,58.4,59.1,2019M
70,Philippines,88.2,27.2,58.9,66.4,37.0,23.6,43.9,74.5,60.8,2019M
71,Peru,88.1,37.4,35.4,56.3,38.8,14.8,49.2,84.6,97.7,2019M
72,Kazakhstan,85.9,38.7,35.8,50.2,30.1,11.7,31.6,75.4,39.8,2019M
73,Egypt,85.4,23.3,51.5,44.8,29.1,13.6,48.3,86.3,92.0,2019M
74,Vietnam,85.1,30.2,51.8,55.2,38.2,22.6,29.6,86.3,71.2,2019M
75,Iran,75.2,25.9,51.0,51.9,41.4,24.9,48.0,78.0,71.0,2019M
76,Kenya,73.1,29.3,37.6,55.0,39.3,31.3,56.1,74.0,99.8,2019M
77,Bangladesh,69.3,37.2,35.0,42.5,32.6,12.9,57.1,88.8,71.3,2019M
1,Denmark,198.6,114.4,75.8,79.4,81.4,6.9,28.5,22.1,81.8,2019
2,Switzerland,195.9,129.7,78.5,72.7,121.2,9.6,29.1,22.0,80.0,2019
3,Finland,194.0,112.3,77.2,73.5,72.8,8.0,30.4,11.9,58.6,2019
4,Australia,191.1,122.9,57.2,76.4,72.1,7.6,35.3,24.0,93.8,2019
5,Austria,191.1,96.7,78.6,79.2,71.8,10.1,25.2,22.0,77.7,2019
6,Netherlands,188.9,102.5,71.4,77.8,74.8,7.4,29.9,27.4,87.5,2019
7,Iceland,187.8,91.8,76.7,66.4,101.9,6.6,19.7,15.2,68.8,2019
8,Germany,187.0,116.2,65.5,74.3,67.6,9.0,29.9,28.0,82.5,2019
9,New Zealand,185.6,101.1,60.4,73.6,72.6,8.3,31.2,22.7,95.5,2019
10,Norway,181.9,103.6,64.7,74.1,101.0,8.4,27.1,19.9,71.2,2019
11,Estonia,180.9,76.0,79.2,72.1,51.0,9.3,25.7,18.1,64.3,2019
12,Japan,180.5,103.1,86.3,80.4,83.3,11.2,40.0,37.1,84.8,2019
13,United States,179.2,122.0,52.9,69.4,69.9,3.6,32.9,33.9,77.5,2019
14,Sweden,178.7,111.4,50.7,71.0,71.6,10.3,30.3,18.0,74.9,2019
15,Slovenia,176.0,75.4,77.4,62.8,52.5,10.2,24.8,24.3,78.1,2019
16,Spain,174.2,83.8,67.5,77.8,54.7,9.2,29.4,39.4,94.2,2019
17,United Kingdom,170.8,105.7,57.3,74.7,65.3,9.2,34.6,39.4,87.8,2019
18,Canada,170.3,109.4,60.5,71.0,65.0,7.7,33.8,27.8,52.5,2019
19,Qatar,167.8,138.3,86.7,72.4,59.1,5.7,31.7,66.5,36.0,2019
20,United Arab Emirates,167.8,119.6,83.7,68.0,56.2,4.4,37.5,53.1,45.2,2019
21,Croatia,165.3,60.3,75.3,64.1,49.2,11.6,29.1,31.0,89.0,2019
22,Portugal,163.5,55.2,67.9,70.7,50.4,12.7,29.0,31.6,97.5,2019
23,Belgium,162.1,95.1,57.5,79.4,73.0,7.2,34.9,49.9,86.0,2019
24,Ireland,160.8,95.1,55.5,48.6,75.3,7.9,35.8,31.1,89.1,2019
25,Czech Republic,158.8,71.3,73.3,74.7,45.1,15.2,30.0,41.0,77.1,2019
26,France,157.8,91.6,53.6,78.6,74.9,12.9,35.3,42.7,88.3,2019
27,Cyprus,157.6,75.3,70.7,50.2,55.6,7.2,20.3,53.8,92.2,2019
28,Singapore,156.9,103.8,78.5,70.3,69.8,21.6,42.1,32.3,57.5,2019
29,Lithuania,156.4,60.3,63.5,67.6,45.9,11.1,27.2,30.8,69.9,2019
30,Israel,153.8,92.5,67.8,73.4,74.3,14.0,36.3,57.3,93.8,2019
31,Slovakia,153.1,63.2,70.5,60.1,45.0,10.3,29.6,41.9,78.1,2019
32,Saudi Arabia,152.7,118.6,70.3,59.1,47.6,2.9,29.6,67.3,41.4,2019
33,South Korea,149.5,103.4,66.0,84.5,76.9,17.6,40.0,54.2,68.4,2019
34,Latvia,149.2,55.2,63.2,59.7,49.2,9.4,31.4,35.0,74.7,2019
35,Poland,148.0,70.0,69.9,62.2,39.1,10.3,32.2,52.4,76.0,2019
36,Italy,145.7,77.5,55.0,67.1,69.2,10.0,34.7,53.8,91.2,2019
37,Belarus,141.5,44.6,76.5,58.0,33.1,14.3,28.8,41.0,64.4,2019
38,Romania,140.3,61.2,72.2,54.5,36.5,10.2,34.4,55.4,77.6,2019
39,Greece,137.8,49.6,61.4,55.2,56.7,9.8,32.2,51.9,94.2,2019
40,South Africa,135.3,83.0,23.2,62.6,42.5,4.1,40.3,56.9,96.0,2019
41,Hungary,134.5,54.7,64.8,48.2,42.0,12.6,35.2,46.5,78.7,2019
42,Taiwan,133.8,56.4,82.6,86.2,59.8,28.9,30.9,63.5,84.4,2019
43,Bulgaria,130.6,52.2,60.0,54.0,37.2,8.7,28.8,64.0,82.8,2019
44,Turkey,125.5,45.3,59.6,69.4,35.2,9.3,44.8,69.2,93.3,2019
45,Bosnia And Herzegovina,124.5,49.2,56.2,53.2,35.7,12.3,26.4,63.5,80.5,2019
46,Chile,124.1,54.1,53.2,65.5,47.7,13.5,36.8,65.5,90.2,2019
47,Mexico,123.5,50.0,47.7,69.7,32.7,10.2,39.1,66.0,86.3,2019
48,Argentina,122.5,55.0,37.4,69.4,33.1,19.0,43.0,52.3,98.3,2019
49,Malaysia,122.1,73.1,39.2,67.6,39.4,9.8,35.3,63.7,60.1,2019
50,Georgia,120.9,33.2,80.1,51.3,28.8,12.7,34.3,72.5,84.2,2019
51,Serbia,119.8,39.9,62.7,52.6,35.4,18.6,29.7,58.9,83.2,2019
52,India,117.5,66.9,57.3,68.3,24.2,11.3,45.7,75.8,65.7,2019
53,Panama,113.1,41.3,53.6,61.4,51.4,12.7,36.5,62.0,67.8,2019
54,Jordan,112.9,41.7,56.2,66.1,55.0,7.7,42.4,80.4,89.0,2019
55,Lebanon,111.2,54.0,55.7,65.9,58.1,13.4,37.4,87.4,94.7,2019
56,North Macedonia,110.6,39.8,60.7,59.0,31.6,13.7,27.9,80.9,76.3,2019
57,Colombia,108.4,34.7,48.7,67.5,30.1,18.8,45.1,61.7,86.0,2019
58,Indonesia,107.2,33.0,54.0,62.0,36.2,13.8,42.9,62.8,69.0,2019
59,Russia,104.9,45.4,58.1,57.6,35.5,12.4,46.0,62.8,46.5,2019
60,Pakistan,104.6,38.6,53.3,60.6,20.4,14.1,38.6,75.9,73.0,2019
61,Thailand,103.3,40.9,53.3,79.1,47.5,21.9,39.4,72.2,69.4,2019
62,Ukraine,102.3,32.7,51.1,51.0,27.9,14.3,37.4,66.6,70.7,2019
63,Hong Kong,100.9,69.3,80.7,67.3,78.1,49.4,41.0,66.4,83.6,2019
64,Brazil,100.3,37.4,29.8,54.6,42.8,18.7,43.4,57.7,95.3,2019
65,China,97.9,69.0,54.5,64.0,39.2,29.1,42.5,81.9,78.9,2019
66,Sri Lanka,95.3,27.3,59.0,72.3,30.2,26.3,51.9,57.7,59.1,2019
67,Philippines,90.7,29.5,59.2,65.9,35.1,21.8,44.1,74.5,60.2,2019
68,Vietnam,88.8,33.3,51.2,54.5,37.7,19.7,28.3,87.1,71.2,2019
69,Kazakhstan,87.2,38.8,33.5,51.3,29.8,11.5,29.8,74.3,39.8,2019
70,Iran,87.0,37.7,50.7,51.2,35.8,16.9,48.4,79.3,71.0,2019
71,Egypt,84.0,23.7,49.3,44.2,26.5,13.6,49.2,86.5,92.0,2019
