,Country,Quality of Life Index,Purchasing Power Index,Safety Index,Health Care Index,Cost of Living Index,Property Price to Income Ratio,Traffic Commute Time Index,Pollution Index,Climate Index,,Country,Quality of Life Index,Purchasing Power Index,Safety Index,Health Care Index,Cost of Living Index,Property Price to Income Ratio,Traffic Commute Time Index,Pollution Index,Climate Index,,Country,Quality of Life Index,Purchasing Power Index,Safety Index,Health Care Index,Cost of Living Index,Property Price to Income Ratio,Traffic Commute Time Index,Pollution Index,Climate Index,,Country,Quality of Life Index,Purchasing Power Index,Safety Index,Health Care Index,Cost of Living Index,Property Price to Income Ratio,Traffic Commute Time Index,Pollution Index,Climate Index,,Country,Quality of Life Index,Purchasing Power Index,Safety Index,Health Care Index,Cost of Living Index,Property Price to Income Ratio,Traffic Commute Time Index,Pollution Index,Climate Index,,Country,Quality of Life Index,Purchasing Power Index,Safety Index,Health Care Index,Cost of Living Index,Property Price to Income Ratio,Traffic Commute Time Index,Pollution Index,Climate Index,,Country,Quality of Life Index,Purchasing Power Index,Safety Index,Health Care Index,Cost of Living Index,Property Price to Income Ratio,Traffic Commute Time Index,Pollution Index,Climate Index,,Country,Quality of Life Index,Purchasing Power Index,Safety Index,Health Care Index,Cost of Living Index,Property Price to Income Ratio,Traffic Commute Time Index,Pollution Index,Climate Index,,Country,Quality of Life Index,Purchasing Power Index,Safety Index,Health Care Index,Cost of Living Index,Property Price to Income Ratio,Traffic Commute Time Index,Pollution Index,Climate Index,,Country,Quality of Life Index,Purchasing Power Index,Safety Index,Health Care Index,Cost of Living Index,Property Price to Income Ratio,Traffic Commute Time Index,Pollution Index,Climate Index,,Country,Quality of Life Index,Purchasing Power Index,Safety Index,Health Care Index,Cost of Living Index,Property Price to Income Ratio,Traffic Commute Time Index,Pollution Index,Climate Index,,Country,Quality of Life Index,Purchasing Power Index,Safety Index,Health Care Index,Cost of Living Index,Property Price to Income Ratio,Traffic Commute Time Index,Pollution Index,Climate Index,,Country,Quality of Life Index,Purchasing Power Index,Safety Index,Health Care Index,Cost of Living Index,Property Price to Income Ratio,Traffic Commute Time Index,Pollution Index,Climate Index,,Country,Quality of Life Index,Purchasing Power Index,Safety Index,Health Care Index,Cost of Living Index,Property Price to Income Ratio,Traffic Commute Time Index,Pollution Index,Climate Index,,Country,Quality of Life Index,Purchasing Power Index,Safety Index,Health Care Index,Cost of Living Index,Property Price to Income Ratio,Traffic Commute Time Index,Pollution Index,Climate Index
1,Argentina,116.1,41.5,36.2,68.1,29.4,19.6,44.2,50.9,98.3,,Argentina,112.1,35.8,35.8,68.1,27.8,21.1,44.2,51.1,98.3,,Argentina,110.2,33.9,36,68.3,30.3,22.3,44.3,51,98.3,,Argentina,111,36.8,35.7,68.9,31.2,22.7,43.7,51.3,98.3,,Argentina,110.1,33.6,35.9,69,32.1,22.8,43.4,50.9,98.3,,Argentina,105.4,30.7,35.9,69.3,34.7,26,43.3,51.2,98.3,,Argentina,104.3,27.7,36.2,69,35.3,26.4,42.6,51,98.3,,Argentina,110.5,34.6,36.7,68.6,37.9,22.7,43.2,50.7,98.3,,Argentina,114.2,43.4,37.7,69.2,31.2,24.1,43,50.6,98.3,,Argentina,115.3,47.2,38.2,69.3,33,24.5,43.1,50.7,98.3,,Argentina,121,52,37,69.8,38.7,19.5,42.1,51.9,98.3,,Argentina,122.5,55,37.4,69.4,33.1,19,43,52.3,98.3,,Argentina,130.4,61.5,38.1,70.5,36.4,13.1,42.2,54.5,98.2,,Argentina,131.8,60.2,38.2,71.3,53.7,10.7,41.6,53.6,98.2,,Argentina,119.7,50.8,36.5,72.2,56.8,11.8,38.9,55.1,94.6
2,Australia,185.5,127.4,52.8,73.1,70.2,8.4,38,27,93.8,,Australia,163.8,93.6,52.9,69.8,72.8,11,42.8,29.4,93.8,,Australia,165.7,89.3,53.3,71.4,75.4,9.9,40.7,28.2,93.9,,Australia,183,110.9,54.5,75.3,75.3,7.5,36.1,25.4,93.9,,Australia,190.7,117.6,55.2,77.8,72.3,5.6,34.7,24.2,93.9,,Australia,183.8,104.6,56.2,78.1,77.7,7.2,34.8,23.9,92.7,,Australia,178.4,91.1,57,77.9,80.7,7.3,34.8,23.7,92.7,,Australia,181.5,99.3,57.6,77.7,84.1,7.4,35,23.5,92.7,,Australia,185,103.4,58.3,77.8,75.9,7.4,35,23.2,94.2,,Australia,186.2,107.3,58.6,77.4,73.5,7.5,34.7,23.5,92.7,,Australia,189.7,118.1,57.3,76.8,73.4,7.7,35.7,23.2,94.2,,Australia,191.1,122.9,57.2,76.4,72.1,7.6,35.3,24,93.8,,Australia,192.4,128.6,57.8,75.8,73.9,7.3,36.5,24.3,92.6,,Australia,188.7,123,57.5,76.2,84.3,7.4,36.3,24.8,92.4,,Australia,172.4,107.8,58,75.4,86,7.6,35.7,24.9,87.9
3,Austria,190.8,102.4,70.6,77.2,65.1,11,23.9,21.2,81.8,,Austria,181.5,84.4,70.7,76.6,66.8,11,24.1,21.8,77.8,,Austria,183.3,85.6,72.4,76.5,68.7,10.6,23.8,21.1,76.9,,Austria,185.8,91.2,72.7,77.2,66,10.3,24.8,21.5,77.1,,Austria,178.1,75.1,73.2,76.2,64.1,10.9,25.4,22.2,77.1,,Austria,179.2,77.3,73.9,76.7,71,10.7,25.5,21.7,77.1,,Austria,176.4,68.7,74.5,77,74.9,10.9,25.7,20.4,77.1,,Austria,182.4,78.2,74.8,78.4,75.5,10.4,25.7,19.2,77.8,,Austria,181.7,79.4,75.6,78.6,71.8,10.8,25.8,21.6,78.2,,Austria,182.5,82.4,76.3,78.7,70.4,10.9,26.3,22.2,77.3,,Austria,187.8,89.9,76.8,79.5,72.1,10.6,25.4,21.8,80.4,,Austria,191.1,96.7,78.6,79.2,71.8,10.1,25.2,22,77.7,,Austria,192,103.8,78.5,79.2,72.3,9.8,27.5,23.1,77,,Austria,190.2,98.7,79.6,78.8,81.5,9.6,27,22.9,77.7,,Austria,178.5,87.1,80.9,79.5,79,9.5,27.1,23.5,77.7
4,Belgium,163.5,109.8,50.3,75.6,61.1,7,35.3,49.5,83.8,,Belgium,156.5,90.7,50.8,75.3,63,6.8,35.5,49.7,86,,Belgium,156.4,90.7,51.1,75.2,65.8,6.4,36,49.7,86,,Belgium,157.3,94.5,50.9,75.2,65.6,6.5,36.3,50.1,86,,Belgium,155.8,86.3,53.3,75.5,62.8,6.6,36.4,49.8,86,,Belgium,151.9,79.7,54.6,75.5,72.6,7.1,36.9,50.1,86,,Belgium,148.2,70.1,55.4,75.4,75.8,7,36.8,50.1,86,,Belgium,150.9,76.5,55.8,75.2,78.5,6.9,36.2,50.3,86,,Belgium,149.7,80.1,54.7,74.8,73.6,6.9,36.4,53.7,86,,Belgium,153.5,86.3,56,74.3,71.8,6.9,36.1,52.9,86,,Belgium,160.8,93.2,57.5,78.3,73.1,6.9,34.6,50.5,86,,Belgium,162.1,95.1,57.5,79.4,73,7.2,34.9,49.9,86,,Belgium,164.6,99.3,58.5,80.9,74.4,7.2,35.7,49.4,86,,Belgium,164,98.9,57.8,80.4,83.3,7.1,34.6,48.9,86.1,,Belgium,147.5,80.4,57.7,79.8,82.2,7.2,34.7,49.8,86.4
5,Brazil,113.5,37.2,34.9,59,30.2,16.3,40.7,52.5,96.9,,Brazil,109.1,30.1,34.4,58.9,35.2,16.5,40.6,52.6,95.1,,Brazil,106.8,28,33.9,58.6,37.7,16.8,40.7,52.9,94.4,,Brazil,105.2,28.7,33.4,58.2,34.7,18.3,41,53.7,95.7,,Brazil,104,27.3,33.2,57.9,34.8,18.5,41.1,53.7,94.9,,Brazil,107,27.8,33,57.8,33.2,16.3,41.3,53.8,97.2,,Brazil,104.7,25.1,32.5,57.8,36.1,16,41.4,54.4,95.4,,Brazil,104.7,28.7,32.2,57.3,31.8,16.1,41.7,54.5,92.4,,Brazil,105.3,30.4,31.7,56.9,31,16.5,41.6,54.7,94.1,,Brazil,105.6,32.8,31.1,56.3,40.2,16.4,41.7,55,97.2,,Brazil,103.9,36.3,30.5,55.6,42.6,16.8,42.3,56.1,94.3,,Brazil,100.3,37.4,29.8,54.6,42.8,18.7,43.4,57.7,95.3,,Brazil,100.3,40.7,29.7,54.2,40.5,17.9,45.9,59.1,95.4,,Brazil,100.1,41.6,29.4,52.7,51.3,16.3,45.3,59.5,94.2,,Brazil,89.6,36.5,29.6,52.4,53.1,17,46.2,60.1,90.2
6,Bulgaria,139.6,68.4,63.4,58,38.3,9.3,29.1,63.1,81.2,,Bulgaria,133.5,52.6,62.9,57.2,38.7,8.9,29.1,63.3,82.8,,Bulgaria,131.4,49.2,62.5,56.9,40.3,8.7,29.2,63.8,82.8,,Bulgaria,131.6,51.2,62,56.7,40.5,9.2,28.9,63.7,82.8,,Bulgaria,129,46.9,61.6,56.8,37.6,9.6,29,63.8,81.2,,Bulgaria,130.1,46,61.3,56.4,38.4,7.7,29.4,64.3,82.8,,Bulgaria,126.9,39.5,61.8,56.3,38.7,8.3,29.4,64.5,82.8,,Bulgaria,126.3,40.3,61.9,56.1,40.9,9,29.4,64.5,82.8,,Bulgaria,127.1,44.1,61.4,56.2,38.4,9.1,29.4,65.4,82.8,,Bulgaria,129.8,49.4,61.5,55.4,36.7,8.5,29.4,65.3,82.8,,Bulgaria,130.3,51,60.7,55.1,37.4,9,29,63.6,81.2,,Bulgaria,130.6,52.2,60,54,37.2,8.7,28.8,64,82.8,,Bulgaria,131.2,57.2,59.7,53.9,37.8,8.8,30.4,64.2,82.5,,Bulgaria,129.7,54.4,60.3,52.1,41.2,8.6,31.1,63,81.6,,Bulgaria,122.9,46.6,60,52.7,40.2,8.8,29.1,62.6,78.8
7,Canada,161.3,103.7,54.5,69.1,64.8,10.4,33.6,29.7,55,,Canada,150.2,83.3,54.8,69.1,68.4,11,34.6,30.2,51.4,,Canada,156.4,90.9,55.2,69.7,68,9.6,34.3,29.8,53.9,,Canada,162.3,102.1,55.7,70.4,66.1,9.4,33.7,29.1,53.2,,Canada,163.8,101.7,56.4,70.8,68.8,8.9,33.6,28.9,55.3,,Canada,160.4,88,57.1,71.3,70.2,7.5,33.6,28.8,56,,Canada,157.2,78.3,58.1,71.7,71.5,7.2,33.7,28.5,55.3,,Canada,160,82.8,58.8,71.8,70.1,7.5,33.7,28.1,56.7,,Canada,158.9,83.2,59.4,71.8,66.2,8.2,33.8,28,52.7,,Canada,163.5,95.1,60.3,71.6,67.6,8,33.9,27.8,50.6,,Canada,169.4,105,60.5,71.3,68.2,7.9,33.6,27.7,55.8,,Canada,170.3,109.4,60.5,71,65,7.7,33.8,27.8,52.5,,Canada,173.8,116,60.8,70.1,64.5,6.9,35.8,27.7,56.2,,Canada,173.9,118.9,60.7,70.6,72.5,6.1,36.1,27.7,52.8,,Canada,158.2,98.5,60.9,69.8,72.8,6.4,36,27.7,53.6
8,Chile,103.3,45.1,39.9,63.3,39.1,16.4,36,77.6,90.2,,Chile,99.3,36.4,40.7,63.4,39.9,17.5,36.2,77.1,90.2,,Chile,99.1,33.9,41.3,63.6,47.7,16.2,36.2,77.2,90.2,,Chile,102,37.3,41.9,64.4,44.1,15.6,35.5,77.9,90.2,,Chile,102.9,35.8,43.5,64.2,37.2,15.1,35.8,78.3,90.2,,Chile,100.1,33.3,46,64,43.9,17.2,35.8,78.5,90.2,,Chile,97.3,29.4,46.6,64,48.6,18.1,36.2,78.6,90.2,,Chile,99.9,33.3,47.9,63.7,49.3,17.6,35.6,79,90.2,,Chile,102,35.5,50.4,64.4,45.4,17.9,35.2,79.7,90.2,,Chile,119.8,42.5,54.8,65.4,43.6,14.9,35.4,65.8,90.2,,Chile,123.8,51.4,52.9,65.2,49.2,13.3,35.6,65.1,90.2,,Chile,124.1,54.1,53.2,65.5,47.7,13.5,36.8,65.5,90.2,,Chile,124.3,54.5,54,64.2,48.2,13.6,36.7,65.2,90.2,,Chile,122.7,54.5,53.5,61.9,55.2,13.1,35.1,66.8,90.2,,Chile,116.4,49.6,55.4,61.8,53.3,12.4,36.1,67.2,90.1
9,China,116.4,73.3,75.6,68.3,31.7,29.4,39.4,77.8,78.4,,China,110.9,60.5,75.1,68.1,34.1,29.6,39,78.2,79.7,,China,105.1,58.2,74.2,67.6,36.5,33,39.2,78.8,79.4,,China,104.1,62.3,73.7,67.5,39.2,34.6,38.8,79.3,78.4,,China,95.6,56.2,71.2,66.7,40.3,38.4,39.5,80.2,79.4,,China,105.1,60,70.6,66.4,41.8,29,40,80.6,78.4,,China,103.2,53.6,69.9,66.2,41.3,27.9,40.6,81.2,80.2,,China,103.1,57.5,69.8,66.4,42.5,29,40.9,81.5,80.2,,China,105,60.4,68.8,66.6,39.5,28.4,41.4,79.9,78.2,,China,102.8,60.9,68.2,64.5,40,29.1,41.8,80.8,79.2,,China,99.9,63.9,63.3,64.2,40.5,30.3,41.6,81.2,78.9,,China,97.9,69,54.5,64,39.2,29.1,42.5,81.9,78.9,,China,99.1,74.2,51.3,63.5,40.3,27.2,42.7,83.1,78.8,,China,99.4,72.3,60.6,62.9,44.6,28.2,42.5,85.9,78.8,,China,91.3,62.2,67.5,61.6,45.8,27.4,43.4,86.8,72.5
10,Colombia,106.5,33.7,39,68.2,28.8,18.4,47.2,62.6,98.4,,Colombia,102.9,28.1,38.8,68.3,30.6,18.7,47.3,62.8,96.7,,Colombia,99.2,27.9,39.2,68.2,27.6,18.1,47.4,62.9,82.9,,Colombia,101.2,31.1,39.8,67.9,23.1,17.5,47.9,63.1,82.9,,Colombia,102.9,28.3,41.3,67.5,25.2,16.9,47.9,63.1,88.3,,Colombia,103.5,28.9,42.3,67.2,26.7,16.9,47.8,63,88.3,,Colombia,102,25.3,43.1,66.9,28.1,17.5,47.3,62.9,88.3,,Colombia,101.3,26.1,44.2,66.7,31,18.7,47.3,62.9,88.3,,Colombia,101.7,27.9,45.1,66.8,29,19.3,47.2,62.4,86,,Colombia,105.8,31.1,45.2,67.2,30.7,19.7,47.5,62.8,96.7,,Colombia,109.9,34.6,47.5,67.6,30.3,19.5,45.3,62.6,96.7,,Colombia,108.4,34.7,48.7,67.5,30.1,18.8,45.1,61.7,86,,Colombia,111.1,38,49.2,67,32.6,18.7,47.4,63.1,96.7,,Colombia,112.1,38.6,49.3,67.8,35.3,18.1,48.1,62.5,96.7,,Colombia,103.6,33,48.7,66.8,34.3,18.3,47.1,64.6,93.3
11,Croatia,172.1,75,74.4,65,45.5,12.8,25.8,30.8,89.2,,Croatia,164,58,74,65.1,46.9,13.4,26,31.3,89,,Croatia,161.6,54.5,73.9,64.5,47.4,13.4,27.4,31.5,89.7,,Croatia,163.2,56.2,75.4,63.9,46.7,13.2,26.5,32,89.7,,Croatia,162.7,52.8,76,63.7,43.7,13.2,26.7,31.4,89.9,,Croatia,159.2,47.5,75.9,64.1,48.9,13.9,26.9,31.2,89,,Croatia,155.4,39.8,75.4,64,55.2,13.6,28.1,30.8,89.7,,Croatia,156.1,43.1,75.1,64.2,56.4,14.2,28.1,30.6,89.7,,Croatia,156.8,43.3,75.3,63.8,56.3,13.9,28.1,30.1,89.9,,Croatia,159,50.4,75.3,62.7,49.7,13.7,29.1,30.5,89,,Croatia,164.7,57.2,75.8,65.6,50,12.7,29.9,29.1,89,,Croatia,165.3,60.3,75.3,64.1,49.2,11.6,29.1,31,89,,Croatia,162.3,62.2,73.1,62.6,50.1,11.3,30.7,33.1,88.9,,Croatia,162.4,59.8,73,63.8,55.1,11.1,29.5,32.7,88.8,,Croatia,155.1,53.7,71.9,65.1,54,10.8,29.4,31.7,87.2
12,Czech Republic,171.9,84,73.2,75.6,46.6,12.7,29.1,34.9,80.1,,Czech Republic,163.6,64.9,73.2,75.5,48.6,12.9,29.2,34.8,79.1,,Czech Republic,162.3,67.9,73.2,75.2,52.8,14,29.4,35.2,78,,Czech Republic,163.6,71.8,73.4,75.5,48.9,14.9,29.5,35.3,78,,Czech Republic,163.8,69.9,74.2,75.5,44.3,14.9,29.4,35.3,78.3,,Czech Republic,162.6,66.5,74.5,75.3,48.2,13.6,29.5,35.9,77.1,,Czech Republic,157.5,54.8,74.5,75.4,48.2,13.7,29.6,36.3,77.1,,Czech Republic,156.3,56.4,74.7,75.4,49.2,15.5,29.7,36.3,77.1,,Czech Republic,154.7,59.3,74.6,75.2,45.1,16.4,29.7,39.5,77.1,,Czech Republic,156.2,62.8,74.5,74.6,46.1,15.4,29.7,40.2,77.1,,Czech Republic,160.4,71.2,74,74.5,45.7,14.4,29.7,40.1,77.1,,Czech Republic,158.8,71.3,73.3,74.7,45.1,15.2,30,41,77.1,,Czech Republic,162,77.6,72.1,74.6,44.5,13.9,30.3,40.6,77,,Czech Republic,162,76.3,71.2,75.4,50.1,12.7,30.3,41,77.9,,Czech Republic,153.7,65.8,70.8,75.5,47.7,11.4,31.3,41.4,78.1
13,Denmark,205.6,127.2,73.9,78.5,72.3,6.6,27.8,20.8,83.7,,Denmark,193.6,103.3,73.7,78,75.2,6.8,28.7,21.9,82.5,,Denmark,190.6,96.9,73.4,78.4,79.2,6.7,28.6,21.9,81.8,,Denmark,194.7,105,73.4,79.2,78.6,6.6,28.5,21.3,81.8,,Denmark,194.2,99.8,73.7,79.8,73.1,6.3,28.4,20.9,81.8,,Denmark,192.4,99.5,73.4,80.1,84.1,6.8,28.5,21,81.8,,Denmark,186.2,86.4,73.8,79.8,88.5,7,28.7,21.3,81.8,,Denmark,190,94.7,73.3,80,91.7,6.7,28.7,20.4,81.8,,Denmark,192.5,101.3,73.9,80.2,85,7,28.9,21.5,81.8,,Denmark,192.7,100.9,74.9,80,83,7.5,28.8,21.3,81.8,,Denmark,196.5,110.7,75.3,79.2,83.9,7.5,29.6,20.8,82.3,,Denmark,198.6,114.4,75.8,79.4,81.4,6.9,28.5,22.1,81.8,,Denmark,199.9,118.8,77.3,79.9,82.7,7.1,30.2,22.5,81.9,,Denmark,197.7,117.5,78,77.1,93.3,7.2,28.5,23.6,82.4,,Denmark,180.1,98.7,78.5,76.2,93.3,7.3,28.6,24.2,82
14,Egypt,86,20,52.7,47.5,21,15.5,48.1,82.7,88.5,,Egypt,83.8,15.2,52.7,47.5,29.1,16.2,48.1,82.8,92,,Egypt,88.6,17.4,53,47.7,21.7,12.5,48.5,82.9,90.8,,Egypt,90.8,21.9,52.8,47.6,21.6,12,48.2,83.2,90.8,,Egypt,91.2,21.7,53.4,47.4,26.3,11.1,48.3,83.4,90.8,,Egypt,89.9,21.5,53.4,47,29.5,12,48.4,83.6,92,,Egypt,87.2,18.5,53.2,46.6,29.1,12.7,49,83.9,92,,Egypt,86.3,20,53.2,46.2,30.1,13.6,49.1,84.3,92,,Egypt,86.8,21.1,53.4,46.3,29.5,13.4,49.3,84.7,92,,Egypt,86.5,22.4,53.1,45.8,29.5,13,49.8,85.6,92,,Egypt,85.4,23.3,51.5,44.8,29.1,13.6,48.3,86.3,92,,Egypt,84,23.7,49.3,44.2,26.5,13.6,49.2,86.5,92,,Egypt,84.6,25.3,47.6,44.2,24.7,13.3,47.1,87.6,92,,Egypt,84.4,24.7,46.3,44.4,25.7,12.7,46.7,87.6,92,,Egypt,78.5,23.2,46.7,42.9,25.4,11.7,47.6,89.1,85.8
15,Finland,199.9,118,73.8,77.5,63.2,8.4,25.8,11.9,61.1,,Finland,190.4,97.3,73.7,77.3,65.5,8.3,26,12,58.9,,Finland,188.1,93.8,73.5,77.5,68.7,8.1,26.4,11.8,56.6,,Finland,190.5,98.8,73.2,77.1,67.5,7.8,27.2,12,59.2,,Finland,186.8,91,73.2,76.8,63.7,7.5,27.6,12,56.6,,Finland,185,91,72.7,76.3,73.2,7.9,27.8,12.1,56.6,,Finland,179,80.1,72.4,76.2,76.4,8.6,28.9,12,56.6,,Finland,182.8,89.1,73,76.4,77.5,8.6,29,11.9,56.6,,Finland,186.4,93.9,74.5,76,72.7,8.7,29.4,11.8,59.2,,Finland,190.2,99.9,76.7,75.8,70.3,8.3,29.9,11.5,58.9,,Finland,195.1,108.8,77.3,75.3,72.2,7.9,30.6,11.6,62.8,,Finland,194,112.3,77.2,73.5,72.8,8,30.4,11.9,58.6,,Finland,197.3,120,77.4,75,72.7,7.4,32.9,12.2,59.7,,Finland,195.3,119.4,76.3,75.4,81.7,7.5,33.2,12.1,58.6,,Finland,179.4,101.9,76.8,74.6,81.2,7.6,33.9,12.6,58.8
16,France,159.8,102.4,44.7,77.8,63.7,11.2,34.8,43.7,88.4,,France,152,83.4,44.7,78.1,66,12.3,34.8,43.4,90.6,,France,153.2,81.5,45.4,78.8,69.1,10.8,35,42.8,90.3,,France,153.8,86.2,44.7,79.4,68.7,11.8,35,42.9,89.7,,France,152.7,79.6,45.6,80,65.6,11.8,34.7,42.2,90,,France,156.7,85.4,47.6,80.2,74.1,9.9,35.2,42.4,89.7,,France,153.6,76.4,48,80.6,77.6,10,34.8,42.2,90.4,,France,150.7,74.1,50.8,81,80.6,13.5,34.5,41.8,89.9,,France,150.7,76.2,52.6,80.7,76.3,14.1,35,43.6,89.8,,France,153.9,80.4,53.2,80,74.1,13,34.8,43.6,90.2,,France,156.1,87.7,53.5,78.3,74.6,13.7,34.6,42.9,89.8,,France,157.8,91.6,53.6,78.6,74.9,12.9,35.3,42.7,88.3,,France,164.3,99.7,54,78.7,74.8,11.5,35.2,41,89.8,,France,166.2,101.2,54.7,78,83.9,9.9,35,40.4,89.8,,France,154.4,89.4,55.2,78.4,81.2,9.3,34.8,41,89.9
17,Germany,185,120.2,61,72,62.2,9.4,30,28.7,82,,Germany,176.5,101,61.1,71.7,62.7,9.8,30.3,29.2,82.7,,Germany,176,100.2,62,71.8,66,10.2,30.7,29,83.3,,Germany,179,107.6,62.4,71.9,62.9,10.7,31.2,28.8,83.3,,Germany,178.3,102.7,63,72.4,59.6,10.6,31.1,28.1,82.9,,Germany,180.3,103.1,63.6,73.2,65.6,8.9,31.1,27.8,82.4,,Germany,175.2,89.9,64.2,73.5,67.8,8.9,31.2,27.8,82.8,,Germany,176.8,93.7,64.6,73.8,70.6,9.1,31.4,27.5,83,,Germany,177.3,97.4,64.9,73.4,66.3,9.3,31.4,29.3,83.2,,Germany,179.8,102.4,65.2,73.3,65.3,9.4,31,29,83,,Germany,184.3,112,65.4,73.6,66.6,9.4,30.4,28.4,82.8,,Germany,187,116.2,65.5,74.3,67.6,9,29.9,28,82.5,,Germany,189.1,123.3,63.8,74.9,67.9,8.5,31,28.2,82.4,,Germany,190,125,63.3,75.4,74.3,8,31.3,27.3,82.5,,Germany,178.9,107.9,67.4,76,73.2,7.8,30.7,27.2,82.8
18,Greece,131.5,53,53.5,57.6,52,13.4,33.9,51.8,91.8,,Greece,127.2,42.1,53.3,57.3,54.2,13.6,33.6,52,93.8,,Greece,128.9,41.4,53.5,57.2,53.2,11.7,33.7,51.7,93.1,,Greece,128.6,41.9,53,57.5,54.6,11.5,33.7,51.6,91.8,,Greece,127.1,38.4,52,57.2,50.2,12.1,33.7,51.8,93.8,,Greece,129.2,39.7,52.6,57.3,56.2,10.1,33.8,51.9,94.2,,Greece,128,36,54.1,57.1,58.4,9.6,34,52.1,92.5,,Greece,129.9,38.9,55.9,57,61,10.1,33.9,51.9,94.2,,Greece,131.5,40.8,58.7,56.6,57.5,10.7,33.7,52.3,94.2,,Greece,133.1,43.7,59.7,56.2,55.7,10.6,33.8,52.5,94.2,,Greece,135.6,48.5,60.7,55.5,56.7,10,33.4,52.5,92.9,,Greece,137.8,49.6,61.4,55.2,56.7,9.8,32.2,51.9,94.2,,Greece,137.5,53.2,61.2,55.5,57.6,9.7,33.6,52.4,91.8,,Greece,137.4,53.8,60.9,54.2,63.2,9.5,32.2,52.8,92.6,,Greece,131.1,49.7,60.6,54.6,61.3,8.5,31,52.4,91
19,Hungary,139.7,63.4,66.7,54,41.7,13.5,35.8,46.7,78.4,,Hungary,133.2,49.8,66.3,54,43.4,13.8,35.8,48,79.5,,Hungary,131.6,48.4,66.2,54.2,48,14.6,35.4,47.9,79.5,,Hungary,134.3,53.1,66.1,54.4,39.2,14.6,35.6,47.7,79.5,,Hungary,136.2,53.2,66.1,54.3,34.6,13.2,35.6,47.8,79.5,,Hungary,137.1,52,65.7,53.4,40.7,10.9,35.5,47.9,80.3,,Hungary,134.5,47.4,65.6,52.9,42.3,10.6,35.9,48.1,79.5,,Hungary,134,49.8,65.2,51.6,42.7,11.6,35.8,47.8,79.5,,Hungary,128.4,46.3,64.8,48,40.1,13.8,35.9,48.7,79.5,,Hungary,128.2,47.6,64.9,47.8,40.9,14.8,35.8,48.3,79.5,,Hungary,133.1,53.8,64.6,47.6,41.7,12.5,35.8,47.6,79.5,,Hungary,134.5,54.7,64.8,48.2,42,12.6,35.2,46.5,78.7,,Hungary,134.5,56.7,64.1,47.8,41.3,13,35.3,46.3,79.2,,Hungary,132.3,50.6,63.5,51.1,48.6,13.3,34.1,46.6,78.5,,Hungary,125.8,41.5,61.8,52.3,47.2,12.4,33.5,45.2,78.2
20,India,123.8,82.6,55.7,65.4,21.2,11.1,46.5,72.8,65.7,,India,111.8,60.7,55.7,64.9,22.2,13.3,46.8,72.8,63.3,,India,116.1,61.7,55.6,65.2,22.9,9.9,46.4,72.8,64.5,,India,117.9,64.6,55.4,65.1,22.4,9.2,46.4,73,65,,India,124.4,76.4,55.4,65.6,23.9,7.4,46.4,73,64.7,,India,111,49.7,55.4,65.7,24.4,10.2,46.5,73.1,65.1,,India,103,42.2,55.6,65.8,24.6,10.8,46.6,79.9,65.5,,India,104.5,47.1,55.3,66.2,25.2,11.3,46.7,79.6,65.3,,India,105.9,50.5,55.6,66.2,24.1,11.3,46.8,79.6,64.7,,India,108.6,54.3,56.7,67.1,24.6,11.4,47,78.9,64.9,,India,115.4,61.7,57.6,68.2,25.1,11.3,46.2,75.6,65.8,,India,117.5,66.9,57.3,68.3,24.2,11.3,45.7,75.8,65.7,,India,121.6,77.7,56.8,68,23.8,10.8,47.6,75.2,66,,India,122.1,79.3,55.8,67.4,26.9,9.7,46.8,75.9,65.7,,India,110.4,67.1,55.5,67.5,27.5,9.9,46.6,76.6,55.6
21,Indonesia,98.6,31.7,54,60.8,26.7,17.3,43.2,67.6,63.8,,Indonesia,94.8,25.8,53.9,60.8,28.5,18.9,43,67.4,64,,Indonesia,92,24.7,54.1,60.6,30.8,19.7,42.9,67.3,59.7,,Indonesia,98,27.5,54.1,60.5,31.2,18.5,42.7,67.1,70.5,,Indonesia,96.9,25.5,53.9,60.5,32.2,17.8,43.4,67.2,69,,Indonesia,90.4,21.1,53.9,60.4,35.9,21.9,43.5,67.2,68.5,,Indonesia,90.2,19,54.1,60.5,36,21.5,43.3,67.2,68.5,,Indonesia,90.1,20.9,53.8,60.5,37.4,22,43.4,67.1,68.5,,Indonesia,91.6,22.2,53.9,60.5,36.9,21.3,43.4,66.9,68.5,,Indonesia,97.5,25.1,54.2,60.5,37.3,18.9,43.1,66.6,74.1,,Indonesia,101.9,31,53.7,61.9,36.9,15,43.5,64.4,63.8,,Indonesia,107.2,33,54,62,36.2,13.8,42.9,62.8,69,,Indonesia,107.8,35,54.4,63,36.2,13.8,44.8,62.3,68.4,,Indonesia,112.9,37.5,55.3,66,39.7,13.1,42.7,60.7,68.2,,Indonesia,103.8,32.6,56.2,68.2,42.3,13,41.7,58,49.3
22,Iran,80.4,26,49.7,52.5,26.4,23.4,46.4,75.3,71,,Iran,77.7,21.2,50.5,53,26.9,22.4,46.8,74.8,63.4,,Iran,77.6,21.6,50.2,52.3,28.4,22.2,47.2,75.5,65.7,,Iran,73.8,21.1,50.1,52.3,35.2,24.4,47.3,75.3,63.7,,Iran,69.4,18,50.3,52.3,36.5,28.6,46.7,75.2,65.7,,Iran,64.9,18,50.9,52.3,37.4,33,47.1,75.4,65.7,,Iran,63.6,16.8,50.6,52.3,40.6,34.9,47.3,75.7,71,,Iran,64.7,19,50.8,52.2,41.3,34.2,47.4,76.1,71,,Iran,70.3,21.9,51.1,52.2,38.5,29.8,47.4,76.7,71,,Iran,74.1,22.7,50.7,51.7,39,25.1,48,77.4,71,,Iran,75.2,25.9,51,51.9,41.4,24.9,48,78,71,,Iran,87,37.7,50.7,51.2,35.8,16.9,48.4,79.3,71,,Iran,92,44.3,50.6,52,30.9,13.2,50.8,80.6,71,,Iran,92.4,45.6,50.6,51.2,34.6,12.5,49.5,81.2,69.5,,Iran,85,39.3,50.2,51.8,38.2,12.9,50.2,80.8,69
23,Ireland,161.3,101.1,53.2,51.3,64.4,7.2,37.8,34.4,87.8,,Ireland,153.9,82,53.5,51.8,66.5,7.5,37.8,34.2,88.6,,Ireland,153.2,80,53.9,51.9,70.4,7.3,37.5,34.7,89.1,,Ireland,154,82.6,54.1,51.8,70.5,7.3,37.9,34.8,89.1,,Ireland,151.7,75.2,54.1,52,66.7,7,37.9,35,89.1,,Ireland,154.5,82.3,54.5,52.3,76.1,6.5,37.9,34.8,89.1,,Ireland,150.5,71.6,54.5,52.8,78.5,6.7,38.1,33.9,89.1,,Ireland,150.9,73.8,55,52.8,83.1,7.4,37.7,33.6,89.1,,Ireland,150.2,74.6,54.3,52.3,78.1,7.7,38.1,34.3,89.1,,Ireland,153.5,80.9,54.6,51.9,75.9,7.5,37.7,34,89.1,,Ireland,158.3,90.8,53.8,51.4,76.3,7.1,36.5,33,88.6,,Ireland,160.8,95.1,55.5,48.6,75.3,7.9,35.8,31.1,89.1,,Ireland,161.3,95.4,56,48.2,77.1,8.1,35.7,30.4,89.3,,Ireland,163.5,96.1,56.2,53,85.4,7.6,37.5,28.7,89.4,,Ireland,152.1,87.3,55.2,53.1,84.9,7.1,37,28.3,89.5
24,Israel,157.6,99.4,68,73.3,62.7,14.3,36.4,56.8,93.7,,Israel,148.9,79.5,67.6,73.5,67.2,14.2,36.8,57,93.8,,Israel,147.2,76.3,67.8,73.6,70,14.7,36.6,57,94,,Israel,148.4,80.5,67.4,73.5,76.4,14.1,36.4,57.4,93.9,,Israel,146.4,73.5,67.8,73.7,77.3,13.3,36.4,57.8,93.9,,Israel,146.1,75.6,67.9,73.8,88.1,13.5,36.4,57.7,94,,Israel,143.7,65.9,68.5,73.9,84.8,12.9,35.6,58.1,94,,Israel,144.1,70.4,68.8,73.8,86.6,13.7,35.8,58.4,93.8,,Israel,146.9,73.9,69.6,73.4,82.5,13.5,36.1,57.5,93.8,,Israel,149.9,78.1,70.4,73.3,81.2,12.8,35.9,57.2,93.8,,Israel,152.3,86,69.3,73,79.5,13.5,35.4,56.9,93.8,,Israel,153.8,92.5,67.8,73.4,74.3,14,36.3,57.3,93.8,,Israel,153.7,98.1,62.7,74.2,74.9,12.6,36.2,59.4,93.8,,Israel,152.2,102.3,63.1,74.1,86.5,13.9,36.7,60.3,93.6,,Israel,142.5,92.3,70.5,75,88.6,13.4,35.5,61.1,89.8
25,Italy,145.6,78.3,52.9,65.3,56.2,10.2,32.4,53.8,88.9,,Italy,139.1,62.8,52.7,65.6,58.9,10.7,32.8,54,91.1,,Italy,140.3,63.8,52.7,65.9,61,9.2,33,54.6,90.8,,Italy,140.9,66.5,53.1,66.3,61.3,9.7,33.5,54.7,90.8,,Italy,137.3,58,53.8,66.7,58.5,11.1,33.6,54.4,91.7,,Italy,141.1,61.7,54.8,66.8,66.5,8.6,33.8,54.1,91.5,,Italy,137.8,54.3,55.2,67,70,8.8,34,54.1,91.5,,Italy,138.6,58.7,55.6,66.8,73.1,9.5,34.2,53.9,91.5,,Italy,139,61.8,55.8,67,69,9.8,34.3,55.7,91.6,,Italy,140.8,65.6,55.7,66.6,67.3,9.7,34.4,55.6,92.3,,Italy,143.8,73.4,55.7,66.6,69,9.4,34.9,55,91.3,,Italy,145.7,77.5,55,67.1,69.2,10,34.7,53.8,91.2,,Italy,149.1,86.8,54.8,67.1,69.7,9.6,36.5,53.8,92.5,,Italy,146.1,81.1,55.5,68,79.1,9.9,37,53.1,91.4,,Italy,132.6,68.1,55.4,66.7,77.4,10.4,36.2,52.3,89.6
26,Japan,183.8,117,77.3,79.7,46.1,11.3,40.6,38.5,85.3,,Japan,177.6,99.5,77.4,79.3,50.7,10,40.2,38.6,84.8,,Japan,175.5,94.3,77.1,79.6,54.3,9.8,39.4,39,84.8,,Japan,176.3,100.4,76.9,80.3,64.6,10.3,40,39.2,85.3,,Japan,172.6,91.1,77.8,80.5,62.8,10.5,40.7,39.1,84.8,,Japan,169.5,87.1,77.9,80.5,77,11,40.7,38.8,85.3,,Japan,164.1,76,77.8,80.2,81.1,11.6,40,39.1,85.3,,Japan,162.3,76.5,78,80.7,87.8,13,39.9,39.4,85.3,,Japan,163.2,78.9,78.3,80.2,86.2,13.3,39.4,39.3,84.8,,Japan,168,87.3,79.3,81.1,83.3,13,39.2,39.6,84.8,,Japan,176.5,97.6,84.1,80.5,85.5,12.8,38.6,36.8,85.3,,Japan,180.5,103.1,86.3,80.4,83.3,11.2,40,37.1,84.8,,Japan,184.2,108.4,87.3,82.2,79.9,11.7,40.9,36,85.3,,Japan,176,107.4,86.9,81.7,86.6,12.6,44.5,41.7,84.8,,Japan,155.8,92.5,80.5,81.3,89.5,13.3,45.2,41,81.4
27,Lithuania,170.6,75.5,67.5,74.9,47.1,11.9,23.4,26.3,67.8,,Lithuania,165,61.8,67.2,74.4,48.4,11.1,23.8,26.9,67.8,,Lithuania,160.4,54.8,66.8,73.7,49.9,12.6,24.6,26.7,69.9,,Lithuania,161.5,56.7,67,73.2,48.8,12.7,25,25.7,69.9,,Lithuania,163,55.7,67.4,73.4,43.1,12.2,25.3,24.8,69.9,,Lithuania,161.8,58.7,66.7,71.9,45.6,11,26,26.7,67.8,,Lithuania,160.3,52.8,66.6,70.9,46,10.5,25.8,26.7,69.9,,Lithuania,160,54.6,66.2,71,47.7,11,25.7,27,69.9,,Lithuania,159.8,55.6,66.1,70.5,44.9,11.1,25.7,27.9,69.9,,Lithuania,159.4,57.8,66.9,69.5,44.3,10.9,26.1,28.8,67.8,,Lithuania,159,60.4,65.2,68.8,45.4,11,26.3,29.8,69.9,,Lithuania,156.4,60.3,63.5,67.6,45.9,11.1,27.2,30.8,69.9,,Lithuania,153.4,60.6,63.1,67.3,46.9,11.9,29,32,69.3,,Lithuania,149,57.3,62.4,66.8,53.2,13,28.7,33.1,68.8,,Lithuania,138.4,48.5,60.9,66.3,51.9,13.8,27,33.9,66.8
28,Malaysia,133.5,79.9,50.6,70.2,30,8.2,37,61.4,56.6,,Malaysia,125.8,62.1,49.3,70.1,30.5,8.5,37.1,61.4,57.9,,Malaysia,123.4,57.8,48.4,70,32.3,8.9,37,61.5,59.2,,Malaysia,126,65.7,47.1,70,35,8.1,37,61.7,57.9,,Malaysia,121.6,59.4,45.6,70.1,34.4,8.7,37.2,62.2,57.5,,Malaysia,118,55.3,44.3,70.1,37,9.8,37.2,62.1,57.5,,Malaysia,115,50.1,42.7,70,37.5,10,37.2,62.6,59.1,,Malaysia,116.9,56.1,42.1,69.6,39.5,9.9,37,62.6,59.1,,Malaysia,117.4,59.1,41.4,68.9,38.1,10,37.1,62.8,59.2,,Malaysia,118.4,64.5,41.2,68.1,39.1,9.9,37,63.2,57.9,,Malaysia,120.4,70.4,39.3,67.8,39.5,9.7,36.6,62.9,57.9,,Malaysia,122.1,73.1,39.2,67.6,39.4,9.8,35.3,63.7,60.1,,Malaysia,121.3,76.3,38.8,67.5,40.7,9.3,37.6,64.5,58.6,,Malaysia,116,73,36.9,65.6,44.7,9.6,37.6,66.5,58.1,,Malaysia,104.1,64.4,36.4,65.7,43.3,9.5,37.1,65.2,42.2
29,Mexico,126.6,45.4,46.3,72.4,40.2,10.7,39.4,58.2,88.5,,Mexico,123.9,38,46.2,72.5,43.8,10.7,39.2,58.1,90,,Mexico,125,39.9,45.9,72.6,42.4,8.6,39.2,58.5,85.5,,Mexico,127,43.5,45.6,72.5,37.3,8.4,39.3,58.5,85.8,,Mexico,126.9,41.1,46.1,72.8,35.1,8.2,39.2,58.3,85.5,,Mexico,124.9,38.6,46.3,72.8,35.3,8.7,39.3,58.5,84,,Mexico,119.8,31.3,45.8,72.5,36.7,10.9,39.2,59.9,88.5,,Mexico,120.3,35.5,45,72.5,35.1,10.5,39,61.2,86.6,,Mexico,120.6,38.2,46.7,72.1,30.9,10.7,39.2,63.3,86.3,,Mexico,118.5,41.8,46,70.1,35.7,10.7,39.4,66.1,86.3,,Mexico,122.4,47,47.5,69.4,34.3,10,38.2,66.9,87.5,,Mexico,123.5,50,47.7,69.7,32.7,10.2,39.1,66,86.3,,Mexico,124,53.9,47.9,69.6,30.5,9.7,42.3,66.2,86,,Mexico,126.4,58.2,48.9,68.6,33.6,7.8,42,66.1,82.5,,Mexico,120.7,51.4,49.4,69.8,36.3,7,39.8,66.5,78.4
30,Netherlands,207.5,124.9,73.6,79.3,63.1,7.7,23.5,21.4,87,,Netherlands,198.5,103.3,73.7,78.9,64.3,7.4,23.7,21.8,87.1,,Netherlands,200.1,106.9,73.8,78.6,67.5,6.7,23.8,21.9,86.7,,Netherlands,196.7,107.8,72.7,77.1,68.6,7.2,25.5,23.7,86.8,,Netherlands,191.5,99.6,72.4,75.9,67.7,7.4,26.6,24.7,86.9,,Netherlands,185.4,88,72.1,75.6,75.7,7.2,27.4,25.1,87.1,,Netherlands,180.3,76.7,72.8,75.3,78.9,7.3,27.6,25.4,87,,Netherlands,183.3,83.9,72.8,75.8,78.6,7.4,27.8,25.3,87.1,,Netherlands,184.2,86.8,72.9,75.7,74.6,7.5,28.2,26.1,87.5,,Netherlands,183.7,90.7,72.4,74.6,73.7,7.5,29.4,27.4,87.6,,Netherlands,186.4,98,71.5,75.6,75.2,7.5,29.4,27.3,87.6,,Netherlands,188.9,102.5,71.4,77.8,74.8,7.4,29.9,27.4,87.5,,Netherlands,190.2,108.3,71.8,79.1,75.9,7.3,31.9,28.1,87,,Netherlands,191.3,109.5,71.1,81.1,82.7,6.7,32.7,27.2,86.9,,Netherlands,177.8,94.2,71.1,82.2,79.6,6.7,32.8,27.3,86.8
31,New Zealand,184.4,121,52.1,68.6,64.6,8.8,33.2,26.3,95.5,,New Zealand,168.4,93,52.3,67.7,68.2,10.5,35.6,28.1,95.5,,New Zealand,170.9,87.3,52.9,69.7,70.7,9.9,32.8,25.7,96.4,,New Zealand,176.7,93,54.2,71,72.9,9,31.4,24.2,96.4,,New Zealand,176.8,85,55.4,73,69,8,30.7,23.9,96.4,,New Zealand,176.8,83.6,56.7,73.3,74.5,8,30.8,23.6,96.7,,New Zealand,173.6,74.9,57.1,73.6,76.3,7.8,30.7,23.7,96.7,,New Zealand,175.8,81.4,57.7,73.6,79.1,8.1,30.7,23.8,96.4,,New Zealand,178.2,87.2,57.8,73.8,71.8,8.7,30.8,23.5,95.5,,New Zealand,181,92.7,59.1,73.8,72.5,8.5,31.1,23.4,95.5,,New Zealand,183.1,97.6,59.1,73.7,73,8.5,30.7,23.5,95.5,,New Zealand,185.6,101.1,60.4,73.6,72.6,8.3,31.2,22.7,95.5,,New Zealand,185.1,101.9,60.1,72.6,72.4,8.2,33.6,21.9,96.2,,New Zealand,182.4,98.6,60.8,72,83.4,8.2,34.5,21.8,96.1,,New Zealand,172.5,89.6,60.8,71.6,87.5,7,33.6,19.8,96.1
32,Norway,189,114.7,67.1,76,76,7.8,26.4,18.2,60,,Norway,184.2,94.9,67.4,75.7,79.2,7.8,26.8,18.6,71.4,,Norway,181.8,90.7,67.5,76.6,82.2,8.2,26.5,18,68.7,,Norway,182.7,95,66.5,76.7,88.6,8.1,26.7,17.7,68.7,,Norway,179.6,86.3,66.5,77.1,85.9,7.8,26.9,18,68.7,,Norway,176.4,83.1,66.2,76.8,100.9,8,26.9,17.9,68.7,,Norway,171.7,73.6,66.3,75.6,103.6,8.1,26.9,18.1,68.7,,Norway,173.6,79.4,66.6,75.5,106.1,8.5,26.9,18.1,68.7,,Norway,174.5,83.4,65.4,74.5,96.8,8.7,26.6,20.1,71.4,,Norway,175.2,88.4,64.6,74.4,101.4,8.8,27,20.3,71.4,,Norway,179.8,98,66.5,74.4,104.5,8.6,27.2,20.3,71.4,,Norway,181.9,103.6,64.7,74.1,101,8.4,27.1,19.9,71.2,,Norway,181.6,109.5,61.6,75,104.1,8.2,29.5,20.1,71.3,,Norway,176.3,108,56.7,74.7,113.7,8.7,31,20.2,71.9,,Norway,158.9,92.2,55,75,112.8,8.6,30.6,19.5,71.9
33,Pakistan,104.5,29.1,56.6,59.1,18.8,13.3,38.2,73.2,71.9,,Pakistan,104,24.5,56.8,59.8,18.5,12.5,38.2,72.9,71.9,,Pakistan,101.4,22,57.2,59.5,17.6,14,38.1,73.5,71.9,,Pakistan,102.1,24.4,57.7,59.5,18,13.9,38.1,73.6,70.8,,Pakistan,103.1,24.4,58.4,59.5,17.8,13.4,38.2,73.7,70.8,,Pakistan,102.6,26.6,58,59.6,19.9,14.3,37.8,73.7,70.4,,Pakistan,102.2,24.6,57.5,60,21.9,13.6,38.3,73.4,70.4,,Pakistan,105.1,27.3,56.1,60.5,21.6,12.6,37.8,73.4,73.6,,Pakistan,105.1,28.4,55.8,60.7,21,12.5,37.8,73.5,71.9,,Pakistan,105.4,30.6,55.9,60.6,22,12,38.6,74.3,71.9,,Pakistan,105.8,36.1,55.4,60.5,18.6,14.1,38,74.8,73,,Pakistan,104.6,38.6,53.3,60.6,20.4,14.1,38.6,75.9,73,,Pakistan,103,41.6,52.1,58.9,22.2,13.6,42.2,75.5,72.2,,Pakistan,100.3,41.1,48.8,57.5,25.1,12.5,41.6,77.5,71.9,,Pakistan,94.2,35.9,46.7,56.9,27.6,11.8,40.1,77.9,69.3
34,Philippines,90.8,33.3,57,67.1,31,25.8,42,72.6,61.2,,Philippines,85.9,25.9,57.2,67.4,33.6,27,43.1,72.5,60.8,,Philippines,82.1,21,57.4,67.4,35.9,31,42.8,72.9,68.2,,Philippines,81.7,22.4,57.3,67.8,34,30.1,42.9,72.9,61.6,,Philippines,81.4,20.1,57.6,67.7,33.6,29.6,42.9,72.9,61.6,,Philippines,83.7,21.5,57.7,67.5,37.1,29.6,43.1,73.4,69.3,,Philippines,78.1,18,57.5,67.2,39.1,30.2,43.7,73.7,61,,Philippines,78.4,19.7,57.8,67.1,40.7,30.1,44,74.1,61,,Philippines,79.2,21.4,57.8,67.5,39.3,29.9,44.6,74.2,61.1,,Philippines,85.4,23.5,57.8,67.5,37.6,24.6,44.6,74.3,60.8,,Philippines,88.2,27.2,58.9,66.4,37,23.6,43.9,74.5,60.8,,Philippines,90.7,29.5,59.2,65.9,35.1,21.8,44.1,74.5,60.2,,Philippines,94.6,31.8,59.6,66.6,32.8,19.4,45.3,74.1,60.8,,Philippines,99.1,34,59.9,68.2,36,17.8,44.2,72.5,60.6,,Philippines,92.9,31.9,60,68.5,36.5,17.2,43.4,71.3,49.6
35,Poland,149.3,85.8,70.9,57.7,40.8,11.6,31.8,55.6,75.4,,Poland,137.4,66.2,69.3,55.4,41.9,12.2,32.9,57.5,75.9,,Poland,139.6,59.9,70.8,58.9,44.7,11.8,32,54.6,75.9,,Poland,139.9,64,70.8,57.6,38.6,13.3,32.1,54.5,76,,Poland,132.2,60.7,67.9,54.6,35.1,13.5,32.3,60.1,76,,Poland,140,60,70.2,57.8,39,11.2,31.8,54.7,76,,Poland,127.8,43.6,69.5,56.1,41.8,14.1,31.3,57.3,76,,Poland,132.6,47.1,70.7,58.3,42,14,31.3,54.3,75.9,,Poland,125.2,52.3,66.9,52,39.5,13.2,32.2,63.1,76,,Poland,141.8,59.6,71.5,61,40,11.4,31.7,54.5,76.1,,Poland,145.9,66.1,70.3,62.5,39.4,10.9,31.7,52.9,75.9,,Poland,148,70,69.9,62.2,39.1,10.3,32.2,52.4,76,,Poland,147.5,75.2,64.5,62.5,38.7,10,32.8,52.1,75.8,,Poland,146.6,74.4,63.8,62.1,45.2,9.8,33.6,51.1,75.8,,Poland,141.3,64.8,69.8,62.3,43.5,9.8,34.1,51.1,75.6
36,Portugal,167.5,56.9,68.8,72.5,45.1,13.3,28.5,28.7,97.6,,Portugal,164.1,46.5,68.8,72.7,46.6,12.6,27.9,28.7,97.3,,Portugal,166.5,49.8,69.3,72.3,46.1,11.9,27.9,28.8,97.8,,Portugal,163.8,51.7,68.5,71.5,45.3,12.6,29.5,30.6,97.8,,Portugal,162.2,47.9,68.5,72.1,42.2,13,29.6,31,97.8,,Portugal,162.5,46.8,69.4,72,47.9,12.2,29.9,30.5,97.8,,Portugal,159.8,40.5,70.1,71.9,50.6,12.9,29.3,30.2,97.8,,Portugal,161.9,45,70.1,71.9,52.9,12.7,29.6,29.6,97.7,,Portugal,162.5,47.1,70.2,71.9,49.5,12.5,30.1,30.4,97.7,,Portugal,162.9,49.4,70.4,71.9,49.5,12.7,30,30.9,97.3,,Portugal,164.4,53.6,69.9,71.6,50.8,13,29.2,30.6,97.5,,Portugal,163.5,55.2,67.9,70.7,50.4,12.7,29,31.6,97.5,,Portugal,164.8,60,66.2,69.5,50.6,11.6,30.4,31.3,97.8,,Portugal,166.7,62,65.5,69.5,55.9,10,30.3,30.5,97.4,,Portugal,159.6,55.8,65.1,69.7,54.6,9.2,31.1,29.8,97.3
37,Romania,137.4,63.8,67.7,56.4,37.5,10.4,33.3,58.8,76.3,,Romania,129.2,48.4,66.3,56.3,38.8,11,33.3,58.9,74.9,,Romania,129.9,47.5,67.2,56.4,38.4,11.1,33.4,58.9,77.2,,Romania,132.9,52.5,68,56.5,37.4,10.9,33.5,58.5,77.2,,Romania,131.1,48.8,67.5,56.5,34.9,11.1,33.4,58.5,76.5,,Romania,133.4,48.1,71.2,56.2,35.2,10.4,33.6,58.6,77.6,,Romania,130.9,41.9,71.7,56,36.8,10.3,34,58.6,77.6,,Romania,131.7,45.2,71.7,56.1,38.5,10.7,34.1,58.4,77.7,,Romania,131.7,46.7,72.2,55.5,36.2,11,34.7,58.8,77.7,,Romania,132.4,48.9,72.4,55.1,35.3,11.3,34.7,58.4,77.6,,Romania,135.7,54.2,72.2,55,36.1,11.2,34.8,56.5,77.6,,Romania,140.3,61.2,72.2,54.5,36.5,10.2,34.4,55.4,77.6,,Romania,141,63.8,71.5,54.2,36.7,9.9,35.6,54.4,76.8,,Romania,144,66.2,71,54.6,39.7,9.1,33.4,53,76.2,,Romania,138.2,57.4,71.5,53.8,38.7,8.8,32.5,51.2,74.6
38,Russia,111.2,50.6,61.1,61.1,31,16,43.3,59.3,48.9,,Russia,106.1,41.5,60.9,60.9,29.5,16.1,43.2,59.6,45.1,,Russia,104.2,40.2,60.3,60,32.1,16.7,43.9,60.7,48.9,,Russia,103,40.9,60.7,59.7,40.8,16.3,43.9,60.9,46,,Russia,103.2,42.2,60.7,59.9,48.1,16.9,44.1,60.8,48.9,,Russia,103.3,37.4,60.4,59.1,35.3,14.8,44.5,61.8,48.9,,Russia,97.9,35.5,60,58.5,36.8,15.3,44.5,62.6,39.8,,Russia,101.7,34.6,59.9,58.4,33.2,11.1,44.6,62.3,38.5,,Russia,101.6,36,59.4,58,33.7,11.3,45,62.6,39.5,,Russia,102.3,38.9,58.9,57.6,39.2,10.8,45.3,62.8,40.4,,Russia,104.1,43.7,58.3,57.6,38.6,11.1,45.3,63.5,42.8,,Russia,104.9,45.4,58.1,57.6,35.5,12.4,46,62.8,46.5,,Russia,107.3,52.1,56.4,57.3,36.7,11.4,47,63.4,48.7,,Russia,103.3,51.1,54.8,56.8,43.9,11.4,48.3,63.3,44.7,,Russia,91.7,45.2,54.3,56.1,44.5,12.4,49.5,63.8,38
39,Saudi Arabia,170.5,134.9,76.1,61.1,45.3,3.1,30.1,62.5,55.3,,Saudi Arabia,155.1,105.1,73.1,60.4,47.4,3.2,30.9,64.1,55.3,,Saudi Arabia,150.7,98.7,75.7,61.4,50.1,2.9,29.8,63.2,41.4,,Saudi Arabia,151.8,101.9,75.4,61.2,50.6,3,29.4,63.3,41.4,,Saudi Arabia,150.2,93.3,75.4,61.2,50.3,2.9,29,63.3,46,,Saudi Arabia,149.5,91.8,75.3,60.9,50.4,2.8,28.3,63.8,46,,Saudi Arabia,144.7,80.1,74.8,60.9,49.6,2.7,28.4,63.9,46,,Saudi Arabia,147.4,88.2,74.1,60.7,49.9,2.6,28.4,64.1,46,,Saudi Arabia,148.9,93.8,73.3,60.4,49.1,2.7,28.4,64.3,46,,Saudi Arabia,150.6,100,73.8,59.1,48.3,2.8,28.6,65.1,46,,Saudi Arabia,151.8,110.9,71.8,60,48.7,2.8,29.1,66.1,41.4,,Saudi Arabia,152.7,118.6,70.3,59.1,47.6,2.9,29.6,67.3,41.4,,Saudi Arabia,151.8,130.4,63.1,58.9,46.6,2.7,32.7,68.4,41.4,,Saudi Arabia,149.6,131.5,63.3,60.2,47.9,2.8,34,71.7,41,,Saudi Arabia,139.9,119.4,72.9,60.3,50.2,2.8,35,73.1,32
40,Serbia,120.2,50.2,62.4,52.1,37.7,17.1,30.7,65.2,83.2,,Serbia,115.9,39.6,61.7,52.1,38.3,16.8,30.9,65,83.2,,Serbia,113.1,34.9,61.5,52.2,40.5,17.6,30.8,64.7,83.2,,Serbia,117.4,39.6,61.8,52.2,37.2,15.9,31.1,64.1,83.2,,Serbia,120.4,41.6,61.8,52.4,33.3,14.8,31,63.3,83.2,,Serbia,117.2,37.8,61.7,52.5,36.2,16.5,30.8,62.9,83.2,,Serbia,117,34.2,61.9,52,37.6,15.9,30.8,61.7,83.2,,Serbia,116.2,35.8,61.7,51.6,39.2,17.1,31.1,61.2,83.2,,Serbia,116.1,36,62.3,51.7,37,17.9,31,61.2,83.2,,Serbia,116.3,36.7,62.6,51.3,35.7,18.9,30.4,60.3,83.2,,Serbia,117.7,37.9,62.4,52,36.3,19.4,30.2,58.6,83.2,,Serbia,119.8,39.9,62.7,52.6,35.4,18.6,29.7,58.9,83.2,,Serbia,122.6,43.1,61.6,54.2,36.1,18.1,29.1,57.9,83.3,,Serbia,123.5,41.8,62.2,53.4,39.6,17.2,28.9,56.6,82.9,,Serbia,116.4,36.1,61.2,53.1,37.4,18,29.3,55.7,82.1
41,Singapore,162.3,111.1,77,71.9,76.7,18.7,41,32.5,57.5,,Singapore,160.9,103,76.5,70.6,81.9,14.9,41.4,33.3,57.5,,Singapore,153.2,85.9,76.9,70.9,85.9,15.7,41.7,33,57.5,,Singapore,154.2,95.6,70.8,70.9,85.9,15.5,41.4,33.1,57.5,,Singapore,154.5,94.6,72.8,71.1,79.1,16.8,41.2,33,57.5,,Singapore,151.6,91.3,72.4,71.1,84,17.5,41.2,33.3,57.5,,Singapore,146.5,78.5,72,71.2,82.6,17.6,41.2,33.1,57.5,,Singapore,143.8,83.6,67,70.9,85.6,19.4,41.2,33.2,57.5,,Singapore,142.2,82.6,68.5,71,81.1,21.7,41.2,33.3,57.5,,Singapore,144.4,89,69.4,70.8,81.1,22.3,41.3,33.5,57.5,,Singapore,146.1,88.8,72.3,71.1,80.2,23.1,41.3,32.1,57.5,,Singapore,156.9,103.8,78.5,70.3,69.8,21.6,42.1,32.3,57.5,,Singapore,156.2,99.2,84.4,69.3,80.4,21.2,42.5,33.1,57.5,,Singapore,150.5,95.9,83.8,69.6,91.4,22.2,46,33.9,58,,Singapore,134.5,88.1,83.1,68.5,88.1,22.2,45.4,34.8,48
42,Slovakia,154.4,68.3,69.2,58.5,46.7,14.5,27.5,37.4,80.7,,Slovakia,148.7,55.8,68.9,59.2,47.9,14.5,27.4,37.2,78.1,,Slovakia,148.2,51.2,68.7,59.7,47.5,13,27.6,37.3,78.1,,Slovakia,149.7,56.3,68.6,60.1,44.2,13.2,28.1,38.3,78.1,,Slovakia,150.5,53.8,69.5,60.1,41,12,28.1,38.6,78.1,,Slovakia,151.2,54.7,69.8,60.3,44.7,11.2,28.2,39.1,78.1,,Slovakia,147.1,45.7,69.6,60.2,47.3,11.1,27.9,39.5,78.1,,Slovakia,149.7,50.4,70.3,60.9,49.1,11.1,27.8,39.1,78.1,,Slovakia,149.9,53.4,70.2,60.2,46.8,11,28.6,40,78.1,,Slovakia,152.5,56.9,70.8,60,44.5,10.2,29.1,39.7,78.1,,Slovakia,154.5,61.8,70.8,60.5,44.6,10.1,28.4,40.6,78.1,,Slovakia,153.1,63.2,70.5,60.1,45,10.3,29.6,41.9,78.1,,Slovakia,155.4,66.5,70,62.9,45.4,10,30.9,41.3,78.6,,Slovakia,155.4,67.3,69.8,64.4,50.4,9.9,32.2,40.7,77.7,,Slovakia,144.5,57.9,69.5,63.2,49.4,9.7,33.7,42,77.5
43,Slovenia,177.7,80.9,76.4,66.3,49.9,12.5,25.2,22,76.1,,Slovenia,173.4,68,75.8,66.5,49.3,11.2,25.2,22.4,76.1,,Slovenia,169.3,59.6,75.8,66.4,51.6,12.1,25.3,22.3,77.6,,Slovenia,169.3,61.7,75.8,65.3,50.8,12.1,26.1,22.7,77.6,,Slovenia,168.7,57.9,76.8,65.1,47.3,11.7,26.3,22.8,77.6,,Slovenia,169,59.5,77.3,65.2,53.9,11.5,26.5,22.9,77.6,,Slovenia,165.7,52.1,77.7,65.2,56.4,11.7,26.9,22.6,77.6,,Slovenia,168.2,56.1,78.2,65.3,59.4,10.9,26.8,22.7,77.6,,Slovenia,169.8,60.6,79.1,65.2,55.2,11.1,27.2,23.5,77.6,,Slovenia,172.2,66.3,78.9,64.6,53.4,10.5,27.3,24.1,77.6,,Slovenia,172.3,68.2,78,63.7,54.2,10.6,26.7,23.2,76.1,,Slovenia,176,75.4,77.4,62.8,52.5,10.2,24.8,24.3,78.1,,Slovenia,175.7,81.3,75.6,63.6,52.9,9.4,28.6,25.5,78.1,,Slovenia,175.4,80.3,75.3,64.7,59.6,8.4,27.8,26.2,76.3,,Slovenia,166.1,68.7,75.3,65.2,58.3,8.2,26.5,26,76.1
44,South Africa,147.1,102.8,25.2,63.8,34.5,3.3,38.7,56.7,95.3,,South Africa,139.9,84.7,24.6,64,33.8,3.3,38.7,56.3,95.3,,South Africa,136.9,78.1,24.5,63.5,34.5,3.3,39,56.6,96,,South Africa,138.8,83.9,24.6,63.7,37.8,3.4,39.1,56.4,95.3,,South Africa,136.6,77.8,24.6,64,37.9,3.3,39.2,56.4,95.3,,South Africa,136,78.4,23.9,64,42.1,3.1,39.3,56.6,95.3,,South Africa,131.4,69.2,23.1,63.9,44.2,3.4,39.4,56.4,95.3,,South Africa,132.2,72.9,22.9,63.9,41.7,4,39.3,57,95.3,,South Africa,132.4,73.5,22.7,64.2,37.5,4.2,39.4,57.1,95.3,,South Africa,132,73.6,22.5,64.1,42.9,3.9,39.4,57.3,95.3,,South Africa,135.7,81.3,23,63.3,43.7,3.8,39.9,56.2,96,,South Africa,135.3,83,23.2,62.6,42.5,4.1,40.3,56.9,96,,South Africa,137.1,91.4,23.9,63.3,42.1,3.9,42.4,59.2,96,,South Africa,137.9,99.8,24.3,63,48.1,3.5,43.3,62.2,96,,South Africa,126.4,85.9,24.6,62.6,46.5,3.6,43,62.5,92.5
45,South Korea,149.5,109.4,75.2,83,60.1,20.7,40.6,61.4,68.4,,South Korea,142.3,90.6,75.1,82.7,64.4,19.9,40.4,61.4,68.4,,South Korea,138.1,83.5,74.7,83,69.2,20.3,39.8,62.2,68.4,,South Korea,133,85.5,74.5,83,70.4,26,39.8,62.3,68.4,,South Korea,130.8,81.3,73.9,83,67,26.5,39.6,62.4,68.4,,South Korea,125,76.9,73.5,82.7,73.2,29.4,40,62.4,68.4,,South Korea,124.7,69.4,73.3,82.4,76.5,26.1,40.2,62.4,68.4,,South Korea,130,76.6,73.1,82.3,81.2,23.6,39.9,61.8,68.4,,South Korea,136.3,81.7,72.7,82.3,75.9,19.4,39.9,62.2,68.4,,South Korea,139,85.2,72,82,78.2,17.4,39.6,62.5,68.4,,South Korea,151.2,99.1,70.8,83.6,75.2,16.2,39.6,54.8,68.4,,South Korea,149.5,103.4,66,84.5,76.9,17.6,40,54.2,68.4,,South Korea,153.7,107.7,63.1,84.3,76.6,15.3,37.7,53.4,68.4,,South Korea,155.4,109.4,64.2,83.4,82.9,14,37.2,52.9,67.2,,South Korea,142.7,89.7,70.6,82.5,81.1,14.3,36,52.5,65.9
46,Spain,180.8,92.1,64.2,77.7,47.3,8.3,26.5,35.4,91.7,,Spain,176.5,78.2,63.8,77.6,48.4,7.4,26.4,35.6,94.4,,Spain,177.7,83.6,64.2,77.5,49.9,7.1,26.9,36.7,93.7,,Spain,173.8,82.5,64.3,77.9,50.6,7.8,29.1,39.6,93.7,,Spain,173,77.3,65,78.1,47.5,7.5,29.2,39.1,93.6,,Spain,168.5,70,66.1,78.4,53.9,8.8,29.2,39.7,93.8,,Spain,163.5,58.5,66.7,78.8,56.6,9.2,29.3,39.7,93.6,,Spain,164.5,62.7,66.9,78.8,59.1,9.6,29.4,39.6,93.2,,Spain,167.1,67.7,67.7,78.7,55.3,9.5,29.4,40.4,94,,Spain,169.8,72,68,78.9,53.8,9.4,29.1,40,94.2,,Spain,173.6,79.8,68.9,78.4,54.7,9.5,29.3,39.2,94.5,,Spain,174.2,83.8,67.5,77.8,54.7,9.2,29.4,39.4,94.2,,Spain,174.4,90.4,63.2,77.9,55.4,8.6,31.9,38.6,94,,Spain,174.9,90.7,63.3,77.5,61.8,8,31.4,38.1,93.9,,Spain,165.7,78.2,70,76.3,60.6,7.9,32.1,38.4,91.6
47,Sweden,186.7,122.6,51.7,68.3,59.3,7.7,29.1,17.7,73.6,,Sweden,175,94.6,51.6,68.6,62.2,8.1,29.1,17.7,74,,Sweden,174.8,95.3,51.9,68.5,60.9,9.1,28.9,17.9,74.9,,Sweden,175.8,101.2,51.5,68.6,62.9,9.9,29.4,18,74.9,,Sweden,173.7,94.9,51.2,68.8,61.8,9.5,29.4,18,74.9,,Sweden,175.3,98.1,51,68.7,71.7,7.8,29.4,18.3,74.9,,Sweden,170.2,85.4,52,68.8,75.9,7.7,29.8,18.5,74.9,,Sweden,171.4,90.6,52.8,68.8,79.2,8.6,29.9,18.4,74.9,,Sweden,172.2,94,52.6,69.2,72.3,9,30.3,19,74,,Sweden,175.9,101.7,52.9,69.2,69.8,9.3,30.5,18.1,74,,Sweden,180.5,112.7,52.8,69.4,70.1,9.6,30,17.4,73.6,,Sweden,178.7,111.4,50.7,71,71.6,10.3,30.3,18,74.9,,Sweden,181.4,120.9,50.1,69,70.4,9.6,31,18.5,74.5,,Sweden,176.8,113,50.7,70.4,83.7,10.5,30.7,19.1,75.1,,Sweden,159.9,94.8,50.7,70.6,83.3,11.6,30.2,19.2,73.7
48,Switzerland,204,158.7,73.9,71.7,101.1,10.4,32.9,23.3,82,,Switzerland,186.7,118.9,74.7,72.6,112.2,11.1,33.1,22.2,79.2,,Switzerland,185.8,110.8,75.1,73.4,117.3,11,30.2,21.2,79.6,,Switzerland,193.6,118.7,76.4,74.5,114.2,9.7,28.4,19.6,79.6,,Switzerland,195.1,116.2,77.9,75.3,110.3,8.9,28.4,19.4,79.6,,Switzerland,195.3,118.4,78.3,74.8,123.3,8.3,28.5,19.6,80.2,,Switzerland,188.4,102.8,78.4,74.1,125,8.2,28.7,19.9,80,,Switzerland,190.8,111,78.7,74.5,131.7,8.4,28.7,20.1,80,,Switzerland,190.9,114.8,78.4,73.1,125.7,8.5,28.9,21.9,80,,Switzerland,192,119.5,78.4,72.4,122.4,8.7,29.1,22.4,79.2,,Switzerland,196.1,127.8,78.8,73.2,122.7,9.1,29.1,21.3,79.2,,Switzerland,195.9,129.7,78.5,72.7,121.2,9.6,29.1,22,80,,Switzerland,194,130.1,77.9,72.2,120,10.6,29.4,22.9,79.9,,Switzerland,190.8,126.1,78.2,71.7,131.4,10.9,29.3,23,79.8,,Switzerland,172.9,114.6,78.4,71.7,138.2,10.4,28.9,22.4,79.6
49,Thailand,98.4,40.8,62.2,77.2,34.1,26.1,38.8,75.7,58.4,,Thailand,97.7,32.9,62.1,77.2,36,26.5,39,75.5,67.6,,Thailand,98.5,31.7,61.7,77.9,38.5,25.8,38.9,75.4,69.4,,Thailand,100.5,33.2,61.3,77.9,40.7,24,39,75.3,69.4,,Thailand,101.9,30.8,61.1,77.6,38.6,21.6,39.1,75.4,69.4,,Thailand,101,31.6,60.7,77.6,43.2,21.7,39.6,75.5,69.4,,Thailand,100.3,28.9,60.6,77.7,44.8,21.2,39.8,75.3,69.4,,Thailand,100.3,31.4,60.6,78.1,49.3,22.2,39.2,75.4,69.4,,Thailand,101.6,33,60,78,49,21.6,38.5,75.3,69.4,,Thailand,101.9,35.5,59.5,77.9,49.8,22.3,38.2,75.1,69.4,,Thailand,104.5,39.9,58.7,78.4,49.9,21.7,38.5,74,69.4,,Thailand,103.3,40.9,53.3,79.1,47.5,21.9,39.4,72.2,69.4,,Thailand,103.9,44,51.6,79.2,44.6,21.5,39.8,72.6,69.2,,Thailand,101.2,38.6,52.7,80.9,48.9,22.8,39.2,72.9,68.6,,Thailand,82,28.6,51.1,80.6,47.2,26,41.1,72.8,51.8
50,Turkey,128.8,49,59,71.1,37.4,11.3,43.8,64.3,93.2,,Turkey,123.6,39.3,59.1,70.7,33.8,12.5,44.1,64.7,93.3,,Turkey,118.3,32.5,59.8,71.1,27.1,13.9,43.8,64.7,85.8,,Turkey,119.4,31,59.9,71,28.1,12.6,43.9,65.1,88.1,,Turkey,119.5,28,60.1,70.7,28.4,11.9,44,65.1,90.4,,Turkey,124.1,32.9,60.3,70.8,28.3,10.3,44.2,65.5,93.8,,Turkey,124.2,31.3,60.4,70.7,31.7,8.7,44.2,65.8,93.2,,Turkey,126,35.3,60.5,70.7,31.5,8.2,44.6,66.2,93.3,,Turkey,126.4,38,60.5,70.4,32.4,8.5,44.9,66.2,93.3,,Turkey,127.1,40.8,60.5,69.8,34.7,7.8,44.6,67.4,93.3,,Turkey,126.5,44.4,60.1,69.9,35.7,8.9,44.5,68.6,93.3,,Turkey,125.5,45.3,59.6,69.4,35.2,9.3,44.8,69.2,93.3,,Turkey,127.9,53.2,59.3,69.7,35.5,9.5,45.6,69,92.9,,Turkey,127.6,53.8,58.9,70.4,41.8,8.9,46.3,69.4,93.2,,Turkey,118.3,47.8,59,70.8,44.4,9.4,46.2,70.1,88.6
51,Ukraine,110.7,39.5,53.2,55.6,25.9,15.3,37.9,62.1,72.9,,Ukraine,107.2,32.2,53.1,55.4,28.6,15,37.7,61.8,70.7,,Ukraine,107.3,31.2,53.2,55.3,30.7,14.2,37.7,62,70.7,,Ukraine,112.5,38.1,53.3,55.2,25.6,12.2,37.8,62.1,70.7,,Ukraine,112.1,36.3,53.4,55.2,30.7,11.3,37.9,62.3,70.7,,Ukraine,111.9,37.2,53.1,54.3,30.7,10.9,37.7,62.9,70.7,,Ukraine,107.8,30.3,52.6,53.7,31.2,11.2,37.8,63.6,70.7,,Ukraine,107.4,30.1,51.7,53.4,29.2,10.8,37.9,64.3,70.8,,Ukraine,105.3,30.9,51.2,52.7,30,11.9,38.3,65.1,71.1,,Ukraine,104.8,31.8,51.1,52.3,33.2,12.2,38.7,65.1,71.4,,Ukraine,103.3,33.1,51,51.1,30.9,13.4,38.4,65.5,70.7,,Ukraine,102.3,32.7,51.1,51,27.9,14.3,37.4,66.6,70.7,,Ukraine,100.4,34.3,50,50.3,27.1,15.3,39.6,66.2,70.4,,Ukraine,96,30.2,50.6,50.1,26,18.2,38.5,67.2,70.2,,Ukraine,87.6,25.2,49.6,49.3,29.2,19.9,38.5,67.6,69.2
52,United Arab Emirates,177.5,127.9,84.4,70.4,55.8,3.9,36.2,48.2,47.1,,United Arab Emirates,163.2,98.7,84.4,69.2,57.8,4.2,37.4,49,45.8,,United Arab Emirates,173.8,118,85.4,69.6,60.7,3.3,36,47.7,45.8,,United Arab Emirates,175.7,123.4,84.9,69.6,60.3,3,36.1,48.2,45.8,,United Arab Emirates,174.4,118.9,85.1,69.7,58,2.9,36.1,47.9,45.2,,United Arab Emirates,160.4,92.2,84.9,68.7,58.3,4.4,36.2,49.7,45.2,,United Arab Emirates,156.9,84.9,84.8,68.2,58.9,4.5,36.2,49.9,45.2,,United Arab Emirates,156,85.7,84.6,68,61.7,4.9,36.3,50.4,45.2,,United Arab Emirates,155.4,86.1,84.6,67.9,63,5.1,36.6,50.7,45.2,,United Arab Emirates,156.7,91.6,84.3,67,62,5.3,36.8,51.2,45.2,,United Arab Emirates,158.3,100.5,84.5,66.1,63.6,5.4,37.2,53,45.2,,United Arab Emirates,167.8,119.6,83.7,68,56.2,4.4,37.5,53.1,45.2,,United Arab Emirates,176.2,142.3,82.5,69.9,54.6,3.9,39.8,53.9,45.8,,United Arab Emirates,163.5,124.8,81.3,63.5,67.2,4.9,37.5,55.8,45.4,,United Arab Emirates,140.6,106.1,80.7,63.3,70.1,5.2,37.2,56.4,23.8
53,United Kingdom,170.6,115.2,52.2,73.2,62,9.1,34.7,40.4,86,,United Kingdom,160.3,90.1,52.6,73.5,63.7,9.9,34.6,40.5,87.7,,United Kingdom,164.2,94.3,53.1,73.7,63.6,8.4,34.8,40.3,88.3,,United Kingdom,166.4,98.9,53.1,74.1,61.5,8.3,34.6,40.4,88.1,,United Kingdom,164.8,92.9,53.4,74.5,60.4,8,34.4,40.4,88,,United Kingdom,161.7,88.8,53.5,74.8,69.7,8.9,34.4,40.2,88.1,,United Kingdom,156.9,77.5,53.9,75.1,70.6,9.5,34.4,40.1,88.2,,United Kingdom,159,82.6,54.7,74.9,71,9.6,34.4,40.2,88,,United Kingdom,161.2,87,55.5,74.9,65.7,9.6,34.5,40.6,87.8,,United Kingdom,162.7,91.7,56.3,74.5,67.3,10.1,34.5,40.6,87.6,,United Kingdom,166.7,100.5,56.4,74.9,65.3,9.8,34.8,40.6,87.7,,United Kingdom,170.8,105.7,57.3,74.7,65.3,9.2,34.6,39.4,87.8,,United Kingdom,174.2,112.9,58.4,74.1,67.2,8.9,35.6,38.4,87.8,,United Kingdom,171.9,108.5,58.8,74.2,75.8,9.3,35.8,37.7,87.9,,United Kingdom,156.8,92.5,59,74.3,76,11.1,35.5,36.9,87.7
54,United States,185.1,142.3,50.8,68,70.4,3.3,33,36.5,80.4,,United States,174,120.9,50.7,67.6,72.9,4.1,33.8,37.1,78.9,,United States,173,117.7,50.8,68.2,74.2,4.2,33.3,36.5,77.8,,United States,172.7,115.7,51,68.6,72.4,4.5,33.1,36.1,77.3,,United States,167.2,99.9,51.6,68.9,69.9,4.6,32.9,35.7,77.1,,United States,170.7,106.3,51.8,69.1,70.1,4,32.9,35.3,76.8,,United States,163.6,94.3,52.2,69.1,70.5,4,32.9,39.3,77.5,,United States,167,102.6,52.3,69,71.9,4,32.9,38.9,77.3,,United States,169.8,108.3,52.3,69.2,72.5,3.7,33,38.2,76.7,,United States,172.1,109.5,52.8,69.3,71.1,3.5,32.9,36.9,77.5,,United States,176.8,119.1,53.3,69.2,70.9,3.5,32.7,35.7,76.7,,United States,179.2,122,52.9,69.4,69.9,3.6,32.9,33.9,77.5,,United States,182.7,129.4,53,68.9,69,3.4,34.2,32.3,77.3,,United States,180.6,127.6,50.4,68.4,73,3.3,34.7,31.7,78.2,,United States,167.5,114.7,51.5,68.5,77.2,3.1,34.8,31.4,76.1
